answer,is_true
HBOHBSTLHBPQHBMHBGDMaOBGDMBEBMBCCPBCGBSBTMeOBCBPM,0
HBOHBSTLHBPQHBMHBGDMaOBGDMBEBMBCCPBCGBSBTMeOBCBPMR,0
HBOHBSTLHBPQHBMHBGDMaOBGDMBEBMBCCPBCGBSBTMeOBCBPMR,1
HBOHBSTLHBPQHBGDMaOHBGDMBEBMBCCPQBGBCBSBTMReBCBR,0
HBOHBSTLHBPQHBGDMaOHBGDMBEBMBCCPQBGBCBSBTMReBCBMR,1
HBOHBSTLHBPQHBGDMaOHBGDMBEBMBCCPQBGBCBSBTMReBCBMR,1
HBOHBSTLHBPQHBGDMaOHBGDMBEBMBCCPQBGBCBSBTMReBCBMR,1
HBOHBSTLHBPQHBGDMaOHBGDMBEBMBCCPQBGBCBSBTMReBCBMR,1
HBOHBSTLHBPQHBGDMaOHBGDMBEBMBCCPQBGBCBSBTMReBCBMR,1
HBOHBSTLHBPQHBGDMaOHBGDMBEBMBCCPQBGBCBSBTMReBCBMR,1
HBOHBSTLHBPQHBGDMaOHBGDMBEBMBCCPQBGBCBSBTMReBCBMR,1
HBOHBSTLHBPQHBGDMaOHBGDMBEBMBCCPQBGBCBSBTMReBCBMR,1
HBOHBSTLHBPQHBGDMaOHBGDMBEBMBCCPQBGBCBSBTMReBCBMR,1
HBOHBSTLHBPQHBGDMaOHBGDMBEBMBCCPQBGBCBSBTMReBCBMR,1
BODPBBONBPUeBONBPCBONBP,0
BBONBPUeBONBPCBONBP,0
BHBONBPUeBONBPCBONBP,0
HBONBPUeBONBPCBONBP,0
BBONBPUeBONBPCBONBP,0
BBOBLBPUeBOBPCB,0
HBOHBSTLHBPQHBGDMaOBGDMBEGBMBCCPQBGBCBSBTMReBR,0
HBOHBSTLHBPQHBGDMaOHBGDMBEGBMBCCPQBGBCBSBTMReBR,0
HBOHBSTLHBPQHBGDMaOHBGDMBEGBMBCCPQBGBCBSBTMReBR,0
HBOHBSTLHBPQHBGDMaOHBGDMBEGBMBCCPQBGBCBSBTMReBR,0
HBOHBSTLHBPQHBGDMaOHBGDMBEGBMBCCPQBGBCBSBTMReBR,0
HBOHBSTLHBPQHBGDMaOHBGDMBEBMBCCPQBGBCBSBTMReBR,0
HBOHBSTLHBPQHBGDMaOHBGDMBEBMBCCPQBGBCBSBTMReBR,0
HBOHBSTLHBPQHBGDMaOHBGDMBEBMBCCPQBGBCBSBTMReBR,0
HBOHBSTLHBPQHBGDMaOHBGDMBEBMBCCPQBGBCBSBTMReBR,0
HBOHBSTLHBPQHBGDMaOHBGDMBEBMBCCPQBCGBSBTMReBCBMR,1
HBOHBSTLHBPQHBGDMaOBGDMBEBMBCCDPQBGBCBSBTMRBOAGALBPMeBCBMR,0
HBOHBSTLHBPQHBGDMaOHBGDMBEBMBCCDPQBGBCBSBTMRBOAGALBPMeBCBMR,0
HBOHBSTLHBPQHBGDMaOHBGDMBEBMBCCDPQBGBCBSBTMR,0
HBOHBSTLHBPQHBGDMaOHBGDMBEBMBCCPQBGBCBSBTMR,0
HBOHBSTLHBPQHBGDMaOHBGDMBEBMBCCPQBGBCBSBTMRBOAGALBPMeBCBMR,1
HBOHBSTLHBPQHBGDMaOHBGDMBEBMBCCPQBGBCBSBTMRBODLBPMeBCBMR,1
HBOHBSTLHBPQHBGDMaOHBGDMBEBMBCCPQBGBCBSBTMRBODLBPMeBCBMR,1
HBOHBSTLHBPQHBGDMaOHBGDMBEBMBCCPQBGBCBSBTMReBCBMR,1
HBOHBSTLHBPQHBGDMaOHBGDMBEBMBCCPQBGBCBSBTMReBCBMR,1
HBOHBSTLHBPQHBGDMaOHBGDMBEBMBCCPQBGBCBSBTMReBCBMR,1
HBOHBSTLHBPQHBGDMaOHBGDMBEBMBCCPQBGBCBSBTMReBCBMR,1
HBOHBSTLHBPQHBGDMaOHBGDMBEBMBCCPQBGBCBSBTMReBCBMR,1
HBOHBSTLHBPQHBGDMaOHBGDMBEBMBCCPQBGBCBSBTMReBCBMR,1
HBOHBSTLHBPQHBGDMaOHBGDMBEBMBCCPQBGBCBSBTMReBCBMR,1
HBOHBSTLHBPQHBGDMaOHBGDMBEBMBCCPQBGBCBSBTMReBCBMR,1
HBOHBSTLHBPQHBODPMaOHBODPMBEBMCCBPQBCGBSBTM,0
HBOHBSTLHBPQHBGfOBPCfOBSDTPMaOBGDMBEBMBCCPQBCGBSBTMReBCBMR,0
HBOHBSTLHBPQHBODPMaOHBODPMBEBMCCBPQBCGBSBTMeBCGBMR,0
HBOHBSTLHBPQHBODPMaOHBODPMBEBMCCBPQBCGBSBTMReBCGBMR,0
HBOHBSTLHBPQHBMaOHBODPMBEBMCCBPQBCGBSBTMReBCGBMR,0
HBOHBSTLHBPQHBGfOBPMaOBGDMBEBMBCCPQBCGBSBTMReBCBMR,0
HBOHBSTLHBPQHBMaOHBODPMBEBMCCBPQBCGBSBTMReBCGBMR,0
HBOHBSTLHBPQHBMaOHBGDMBEBMBCCPBGBSBTMHBGBCBMBODLBPMR,1
HBOHBSTLHBPQHBMaOHBODPMBEBMCCBPQBCGBSBTMReBCBMR,0
HBOHBSTLHBPQHBGDMaOHBGDMBEBMBCCPQBGBCBSBTMReBCBMR,1
HBOHBSTLHBPQHBGfOBPCfOBSDTPMaOBGDMBEBMBCCPQBCGBSBTMReBCBMR,0
HBOHBSTLHBPQHBGDMaOHBGDMBEBMBCCPBGBSBTMHBGBCBMBODLBPMR,1
HBOHBSTLHBPQHBGfOBPCfOBSDTPMaOHBGDMBEBMBCCPQBCGBSBTMReBCBMR,1
HBOHBSTLHBPQBGDMaOHBGDMBEBMBCCPQBCGBSBTMReBCBMR,0
HBOHBSTLHBPQHBGDMaOHBGDMBEBMBCCPQBCGBSBTMReBCBMR,1
HBOHBSTLHBPQHBMHBGDMaOBGDMBEBMBCCPQBGBCBSBTMRBGBCBMeBMR,1
HBOHBSTLHBPQHBMBOBPMaOHBODPMBEBMCCBPQBCGBSBTMReBCBMR,0
HBOHBSTLHBPQHBGDMaOHBGDMBEBMBCCPQBCGBSBTMReBCBMR,1
HBOHBSTLHBPQaOBGDLBEGBLBCCPQBGBCBSTMReBCBMR,0
HBOHBSTLHBPQHBGDMaOBGDLBEGBLBCCPQBGBCBSTMReBCBMR,0
HBOHBSTLHBPQHBGDMaOHBGDMBEBMBCCPQBCGBSBTMReBCBMR,1
HBOHBSTLHBPQHBGDMHBGDMaOBGDLBEGBLBCCPQBGBCBSTMReBCBMR,0
HBOHBSTLHBPQHBGDMaOHBGDMBEBMBCCPBGBSBTMeBCBMR,1
HBOHBSTLHBPQHBGDMHBGDMaOBGDMBEGBMBCCPQBGBCBSTMReBCBMR,0
HBOHBSTLHBPQHBGDMaOHBGDMBEGBMBCCPQBGBCBSBTMReBCBMR,1
HBOHBSTLHBPQHBGDMaOHBGDMBEBMBCCPQBGBCBSBTMReBCBMR,1
HBOHBSTLHBPQHBGDMaOHBGDMBEBMBCCPQBGBCBSBTMReBCBMR,1
HBOHBSTLHBPQHBGDMaOHBGDMBEBMBCCPQBGBCBSBTMReBCBMR,1
HBOHBSTLHBPQHBGDMaOHBGDLBEBLBCCPQBGBCBSBTMRBGBCBeBR,0
HBOHBSTLHBPQHBGDMaOHBGDMBEBMBCCPQBGBCBSBTMReBCBMR,1
HBOHBSTLHBPQHBGDMaOHBGDMBEBMBCCPQBGBCBSBTMRBGBCBeBMR,0
HBOHBSTLHBPQHBGDMaOHBGDMBEBMBCCPQBGBCBSBTMRBGBCBMeBMR,1
HBOHBSTLHBPQHBLBMBGfOBPCfOBSDTPMaOBGDMBEBMBCCPBCGBSBTMBGBCBMeBMR,0
HBOHBSTLHBPQHBGDMaOHBGDMBEBMBCCPQBGBCBSBTMRBGBCBMeBMR,1
HBOHBSTLHBPQHBMBGfOBPCfOBSDTPMaOBGDMBEBMBCCPBCGBSBTMBGBCBMeBMR,0
HBOHBSTLHBPQHBMHBMBGfOBPCfOBSDTPMaOBGDMBEBMBCCPBCGBSBTMBGBCBMeBMR,0
HBOHBSTLHBPQHBGDMaOHBGDMBEBMBCCPBGBCBSBTMeBCBMR,1
HBOHBSTLHBPQHBGDMaOHBGDMBEBMBCCPBGBCBSBTMeBCBMR,1
HBOHBSTLHBPQHBMHBMHBGfOBPCfOBSDTPMaOHBGDMBEBMBCCPBCGBSBTMBGBCBMeBMR,0
HBOHBSTLHBPQHBGDLBMHBGfOBPCfOBSDTPMaOHBGDMBEBMBCCPBCGBMBGBCBMeBMR,0
HBOHBSTLHBPQHBGDMHBGDMaOBGDMBEGBMBCCPQBGBCBSBTMReBCBMR,1
HBOHBSTLHBPQHBGDMHBGDMaOBGDMBEGBMBCCPQBGBCBSBTMReBCBMR,1
HBOHBSTLHBPQHBGDMaOHBGDMBEBMBCCPQBCGBSBTMReBCBMR,1
HBOHBSTLHBPQHBMaOHBGDMBEBMBCCPQBCGBSBTMReBCBMR,1
HBOHBSTLHBPQHBMaOHBGDMBEBMBCCPQBCGBSBTMReBMR,1
HBOHBSTLHBPQHBMaOHBGDMBEBMBCCPQBCGBSBTMReBCBMR,1
HBOHBSTLHBPQR,1
HBOHBSTLHBPQHBMaOHBGDMBEBMBCCPQBCGBSBTMReBCBMR,1
HBOHBSTLHBPQHBMaOHBGDMBEBMBCCPQBCGBSBTMReBCBMR,1
HBOHBSTLHBPQHBMaOHBGDMBEBMBCCPQBCGBSBTMReBCBMR,1
HBOHBSTLHBPQHBMaOHBGDMBEBMBCCPQBCGBSBTMReBCBMR,1
HBOHBSTLHBPQHBMaOHBGDMBEBMBCCPQBCGBSBTMReBCBMR,1
HBOHBSTLHBPQR,1
HBOHBSTLHBPQHBGSTMR,0
HBOHBSTLHBPQHBGDMaOHBGDMBEBMBCCPQBCGBSBTMReBCBMR,1
HBOHBSTLHBPQHBMHBGDMaOBGDMBEBLBCCPQBGBCBSBTMRBGBCBMeBMR,0
HBOHBSTLHBPQHBMHBGDMaOBGDMBEBMBCCPQBGBCBSBTMRBGBCBMeBMR,1
HBOHBSTLHBPQHBMHBGDMaOBGDMBEBMBCCPQBGBCBSBTMRBGBCBMeBMR,1
HBOHBSTLHBPQHBGDMaOHBGDMBEBMBCCPQBGBCBSBTMRBGBCBMeBMR,1
HBOHBSTLHBPQHBGDMaOHBGDMBEBMBCCPQBGBCBSBTMRBGBCBMeBMR,1
HBOHBSTLHBPQHBSBTGQBRMHBMHBMaOBGDMBEBMBCCPQBGBCBSBTMRBGBCBMeBMR,0
HBOHBSTLHBPQHBGDMHBMaOHBGDMBEGBMBCCPQBGBCBSBTMReBGBCBMR,1
HBOHBSTLHBPQHBSBTGQBRMHBMHBMaOBGDMBEBMBCCPQBGBCBSBTMRBGBCBMeBMR,0
HBOHBSTLHBPQHBSBTGQBRMHBMHBMHBMaOBGDMBEBMBCCPQBGBCBSBTMRBGBCBMeBMR,0
HBOHBSTLHBPQBSBTGQBRMHBMHBMHBMaOBGDMBEBMBCCPQBGBCBSBTMRBGBCBMeBMR,0
HBOHBSTLHBPQHBSBTGQBRMHBMHBMHBMaOBGDMBEBMBCCPQBGBCBSBTMRBGBCBMeBMR,0
HBOHBSTLHBPQHBGDMHBMaOHBGDMBEGBMBCCPQBGBCBSBTMRBGBCBMeBR,0
HBOHBSTLHBPQHBGDMHBMaOHBGDMBEGBMBCCPQBGBCBSBTMRBGBCBMeBR,0
HBOHBSTLHBPQHBGDMHBMaOHBGDMBEGBMBCCPQBGBCBSBTMRBGBCBMeBMR,1
HBOHBSTLHBPQHBGDMaOHGBGDMBEBMBCCPQBGBGBSBTMRBGAMeBMR,0
HBOHBSTLHBPQHBGDMaOHGBGDMBEBMBCCPQBGBGBSBTMRBGAMeBMR,0
HBOHBSTLHBPQHBGDMaOHGBGDMBEBMBCCPQBGBGBSBTMRBGAMeBMR,0
HBOHBSTLHBPQHBGDMaOHGBGDMBEGBMBCCPQBGBGBSBTMRBGAMeBMR,0
HBOHBSTLHBPQHBGDMHBMaOHGBGDMBEGBMBCCPQBGBGBSBTMRBGAMeBMR,0
HBOHBSTLHBPQHBGDMHBGDMaOHGBGDMBEGBMBCCPQBGBGBSBTMRBGAMeBMR,0
HBOHBSTLHBPQHBSBTGQBRMHBMHBMHBMaOBGDMBEBMBCCPQBGBCBSBTMRBGBCBMeBMR,0
HBOHBSTLHBPQHBMHBGDMaOBGDMBEBMBCCPQBGBCBSBTMRBGBCBMeBMR,1
HBOHBSTLHBPQHBSBTGQBRMHBMHBMHBMaOBGDMBEBMBCCPQBGBCBSBTMRBGBCBMeBMR,0
HBOHBSTLHBPQHBMHBMHBMaOBGDMBEBMBCCPQBGBCBSBTMRBGBCBMeBMR,0
HBOHBSTLHBPQHBMHBMHBMaOBGDMBEBMBCCPQBGBCBSBTMRBGBCBMeBMR,1
HBOHBSTLHBPQHBGDMHBMHBMaOBGDMBEBMBCCPQBGBCBSBTMRBGBCBMeBMR,1
HBOHBSTLHBPQHBGDMHBGDMaOHGBGDMBEGBMBCCPQBGBCBSBTMRBGAMeBMR,0
HBOHBSTLHBPQHBGDMHBGDMaOHGBGDMBEGBMBCCPQBGBCBSBTMRBGAMeBMR,0
HBOHBSTLHBPQHBMHBGDMaOHGBGDMBEGBMBCCPQBGBCBSBTMRBGAMeBMR,0
HBOHBSTLHBPQHBGDMHBGDMaOHGBGDMBEGBMBCCPQBGBCBSBTMRBGAMeBMR,0
HBOHBSTLHBPQHBGDMHBGDMaOHGBGDMBEBMBCCPQBGBCBSBTMRBGAMeBMR,0
HBOHBSTLHBPQHBGDMHBGDMaOHGBGDMBEBMBCCPQBGBCBSBTMRBGAMeBMR,0
HBOHBSTLHBPQaOHBGDMBEBMBCCPQBGBCBSBTMReBCBMR,0
HBOHBSTLHBPQHBGDMHBGDMaOHBGDMBEBMBCCPQBGBCBSBTMRBGAMeBMR,0
HBOHBSTLHBPQHBGDLBMaOBGDMBEGBMBCCPQBGBCBSBTMRBGOHPBCBMeBMR,0
HBOHBSTLHBPQHBGDLBMaOBGDMBEGBMBCCPQBGBCBSBTMRBGOHPBCBMeBMR,0
HBOHBSTLHBPQHBMaOHBGDMBEBMBCCPQBGBCBSBTMReBCBMR,1
HBOHBSTLHBPQHBGDMHBGDMaOHBGDMBEBMBCCPQBGBCBSBTMRBGBCBMeBMR,1
HBOHBSTLHBPQHBMHBGDMaOBGDMBEBMBCCPQBGBSBTRBCGBMR,0
HBOHBSTLHBPQHBMHBGDMaOBGDMBEBMBCCPQBGBSBTMRBCGBMR,1
HBOHBSTPQ,0
HBOHBSTLHBPQHBGDMaOHBGDMBEBMBCCPQBCGBSBTMRBCGBMR,1
HBOHBSTLHBPQHBMaOHBGDMBEBMBCCPQBGBCBSBTMReBCBMR,1
HBOHBSTLHBPQHBGDLBLBMaOBGDMBEGBMBCCPQBGBCBSBTMRBGOHPBCBMeBMR,1
HBOHBSTLHBPQHBGDLBLBMaOBGDMBEGBMBCCPQBGBCBSBTMRBGBCBMeBMR,1
HBOHBSTLHBGDPQHBGDLBLBMaOBGDMBEGBMBCCPQBGBCBSBTMRBGBCBMeBMR,0
HBOHBSTLHBGDPQHBGDLBLBMaOBGDMBEGBMBCCPQBGBCBSBTMRBGOHPBCBMeBMR,0
HBOHBSTLHBPQHBMaOHBGDMBEBMBCCPQBGBCBSBTMRBGBCBMeBMR,1
HBOHBSTLHBPQHBGDLBMHBMaOBGDMBEGBMBCCPQBGBCBSBTMRBGOHPBCBMeBMR,1
HBOHBSTLHBPQHBGDLBMHBMaOBGDMBEBMBCCPQBGBCBSBTMRBGOHPBCBMeBMR,1
HBOHBSTLHBPQHNBGOHNPBOBOHPNBPMHBMaOHBGDMBEBMBCCPQBGBCBSBTMRBGBCBMeBMR,0
HBOHBSTLHBPQHBGDLBMHBMaOBGDMBEBMBCCPQBGBCBSBTMRBGOHPBCBMeBMR,1
HBOHBSTLHBPQHNBGOHNPBOBOHPNBPMHBMaOHBGDMBEBMBCCPQBGBCBSBTMRBGBCBMeBMR,0
HBOHBSTLHBPQHNBGOHNPBOfOHPNBPMHBMaOHBGDMBEBMBCCPQBGBCBSBTMRBGBCBMeBMR,0
HBOHBSTLHBPQHBGDLBMHBMaOBGDMBEBMBCCPQBGBCBSBTMRBGBCBMeBMR,1
HBOHBSTLHBPQHBMHBLBGDMaOBGDMBEBMBCCPQBGBCBSBTMRBGBCBMeBMR,1
HBOHBSTLHBPQHNBGOHNPBOfOHPNBPMHBMaOHBGDMBEBMBCCPQBGBCBSBTMRBGBCBMeBMR,0
HBOHBSTLHBPQHBMHBGDLBGDMaOBGDMBEBMBCCPQBGBCBSBTMRBGBCBMeBMR,1
HBOHBSTLHBPQHNBGOHNPBOfOHPNBPMHBMaOHBGDMBEBMBCCPQBGBCBSBTMRBGBCBMeBMR,0
HBOHBSTLHBPQHBGDMHBMaOHBGDMBEBMBCCPQBGBCBSBTMRBGBCBMeBMR,1
HBOHBSTLHBPQ,0
HBOHBSTLHBPQ,0
HBOHBSTLHBPQ,0
HBOHBSTLHBPQ,0
HBOHBSTLHBPQ,0
HBOHBSTLHBPQ,0
HBOHBSTLHBPQ,0
HBOHBSTLHBPQ,0
HBOHBSTLHBPQ,0
HBOHBSTLHBPQ,0
HBOHBSTLHBPQ,0
HBOHBSTLHBPQ,0
HBOHBSTLHBPQ,0
HBOHBSTLHBPQ,0
HBOHBSTLHBPQ,0
HBOHBSTLHBPQ,0
HBOHBSTLHBPQ,0
HBOHBSTPQHBMHBSDTMBSDTGDMBSDTGDMBSDTGCDMHBGDMHNBGOHNPBOfOHPNBPMaOHBGDMBEBMBCDPQBODLBSBTPMRR,0
BOBGDAABGDPQeBGAMR^QeBGAMRaOAGAMBGDEAMBCCPQBGBNBReAM,0
HBOHBSTLHBPQ,0
HBOHBSTLHBPQ,0
HBOHBSTLHBPQ,0
KBOKBPQBOBGDAABGDPQeBGAMR^QeBGAMRaOHAGAMBEAMBCCPQBGBNBReAMR,0
HBOHBSTLHBPQ,0
KBOKBPQBOBGDBBGDPQeBGAMR^QeBGAMRaOHAGAMBEAMBCCPQBGBNBReAMR,0
HBOHBSTLHBPQ,0
HBOHBSTLHBPQHNBGOHNPBOfOHPNBPMHBGDMcOBEDPQaOHBGDMBEGBMBCCPQBGBCBSBTMRBGBCBMeBMRR,0
KBOKBPQBOBGDBBGDPQeBGAMR^QeBGAMRaOHAGAMBEAMBCCPQBGBNBReAMR,0
KBOKBPQBOBGDBBGDPQeBGAMR^QeBGAMRaOHAGAMBEAMBCCPQBGBNBReAMR,0
KBOKBPQcOBGDBBGDPQeBGAMR^QeBGAMRaOHAGAMBEAMBCCPQBGBNBReAMR,0
KBOKBPQcOBGDBBGDPQeBGAMR^QeBGAMRaOHAGAMBEAMBCCPQBGBNBReAMR,0
HBOHBSTLHBPQHBSBTMHBGDMHBGDMaOBGDLBEBLBCCPQBGBCBSBTMRBGBCBMeB,0
HBOHBSBTLHBPQHBSBTMHBGDMHBGDMaOBGDLBEBLBCCPQBGBCBSBTMRBGBCBMeB,0
HBOHBSTLHBPQHBSBTMHBGDMHBGDMaOBGDLBEBLBCCPQBGBCBSBTMRBGBCBMeB,0
HBOHBSTLHBPQHBSBTMHBGDMHBGDMHBMaOBGDLBEBLBCCPQBGBCBSBTMRBGBCBMeB,0
HBOHBSTLHBPQHBMHBSBTMHBGDMHBGDMHBMaOBGDLBEBLBCCPQBGBCBSBTMRBGBCBMeB,0
HBOHBSTLHBPQHBMHBSBTMHBGDMHBGDMHBMaOBGDLBEBLBCCPQBGBCBSBTMRBGBCBMeBR,0
HBOHBSTLHBPQHBMHBGDMHBGDMHBMaOBGDLBEBLBCCPQBGBCBSBTMRBGBCBMeBMR,0
HBOHBSTLHBPQHBMHBGDMHBGDMHBMaOBGDMBEBMBCCPQBGBCBSBTMRBGBCBMeBMR,1
HBOHBSTLHBPQHBGDMHBGDMHBMaOBGDMBEBMBCCPQBGBCBSBTMRBGBCBMeBMR,1
HBOHBSTLHBPQHBGBSTCBMR,0
HBOHBSTLHBPQHBGDMaOHBGDMBEBSTMBCCPR,0
HBOHBSTLHBPQHBGDMaOHBGDMBEBSTMBCCPQRR,0
HBOHBSTLHBPQHBGDMaOHBGDMBEBMBCCPQRR,1
HBOHBSTLHBPQHBGDMaOHBGDMBEBMBCCPQeBGBSTCBCBMRR,0
HBOHBSTLHBPQHBGDMaOHBGDMBEBMBCCPQeBGBSTCBMRR,0
HBOHBSTLHBPQHBMHBGDMaOBGDMBEBMBCCPQBGBCBSBTMRBGBCBMeBMR,1
HBOHBSTLHBPQHBGDMaOHBGDMBEBMBCCPQBCGBSBTMReBCBMR,1
HBOHBSTLHBPQHBGDMaOHBGDMBEBMBCCPQeBGBSTCBMRR,0
HBOHBSTLHBPQHBGDMaOHBGDMBEBMBCCPQBGBSTCBMReBMR,0
HBOHBSTLHBPQHBMHBMBGDMaOBGDMBEBMBCCPQBCGBSBTMRBGBCBMR,0
HBOHBSTLHBPQHBMHBMBGDMaOBGDMBEBMBCCPQBCGBSBTMReBGBCBMR,0
HBOHBSTLHBPQHBMHBMBGDMaOBGDMBEBMBCCPQBCGBSBTMRBGBCBMeBMR,1
KBOKBPQcOBGDBBGDPQeBGDMR^QeBGDMRaOHBGDMBEBMBCCPQBGBNBReBMR,0
HBOHBSTLHBPQHBLBGDMHBMHBSDTGQDLDLDLDLDLDLDLDLDLDRMHBMBGDMaOBGDMBEBMBCCPQBCGBSBTMRBGOHPBCOHPBMBODLBPMeDMR,1
HBOHBSTLHBPQHBLBGDMHBMHBSDTGQDLDLDLDLDLDLDLDLDLDRMHBMBGDMaOBGDMBEBMBCCPQBCGBSBTMRBGOHPBCOHPBMBODLBPMeDMR,1
HBOHBSTLHBPQHBGDMaOBGDMBEBMBCCPQBGBCBSBTMRBGBCBMeBMR,0
HBOHNBSTLHBPQHBGDMaOBGDMBEBMBCCPQBGBCBSBTMRBGBCBMeBMR,0
HNBOHBSTLHBPQHBGDMaOBGDMBEBMBCCPQBGBCBSBTMRBGBCBMeBMR,0
HBOHBSTLHBPQHBMHBMHBMBGDMaOBGDMBEBMBCCPQBCGBSBTMRBGOHPBCOHPBMBODLBPMeBMR,0
HNBOHBSTLHBPQHBGDMaOHBGDMBEBMBCCPQBGBCBSBTMRBGBCBMeBMR,0
HBOHBSTLHBPQHBMHBMHBMBGDMaOBGDMBEBMBCCPQBCGBSBTMRBGOHPBCOHPBMBODLBPMeBMR,0
HBOHBSTLHBPQHBGDMaOHBGDMBEBMBCCPQBGBCBSBTMRBGBCBMeBMR,1
HBOHBSTLHBPQHBMHBMHBMBGDMaOBGDMBEBMBCCPQBCGBSBTMRBGOHPBCOHPBMBODLBPMeBMR,1
HBOHBSTLHBPQHBMHBMHBMBGDMaOBGDMBEBMBCCPQBCGBSBTMRBGBCOHPBMBODLBPMeBMR,1
HBOHBSTLHBPQHBGDMaOHBGDMBEBMBCCPQBCGBSBTMReBCBMR,1
HBOHBSTLHBPQHBGDMaOHBGDMBEBMBCCPQBCGBSBTMReBMR,1
HBOHBSTLHBPQHBGDMaOHBGDMBEBMBCCPQBCGBSBTMReBCBMR,1
HBOHBSTLHBPQHBGDMaOHBGDMBEBMBCCPQBCGBSBTMReBMR,1
HBOHBSTLHBPQHBLBMaOBGDMBEGBMBCCPQBCGBSBTMRBGBCBMeBMR,1
HBOHBSTLHBPQHBLBGDMaOBGDMBEGBMBCCPQBCGBSBTMRBGBCBMeBMR,1
HBOHBSTLHBPQHBLBGDMaOBGDMBEGBMBCCPQBCGBSBTMRBGBCBMeBMR,1
HBOHBSTLHBPQHBMHBGDMaOBGDMBEGBMBCCPQBCGBSBTMRBGBCBMeBMR,1
HBOHBSTLHBPQHBGAMHBMHBMaOBGDMBEBLBCCPQBCGBSBTMRBGBCBMeOBPMR,0
HBOHBSTLHBPQHBGAMHBMHBMaOBGDMBEBMBCCPQBCGBSBTMRBGBCBMeOBPMR,1
,0
HBOHBLHBPQHBGDMaOHBGDMBEBMBCCPQBCGBSBTURBCGBMeBMR,0
,0
,0
,0
,0
,0
HBOHBSTLHBPQHBMHBGDMaOBGDMBEGBMBCCPQBCGBSBTRBGBCBeBMR,0
HBOHBSTLHBPQHBMHBGDMaOBGDMBEGBMBCCPQBCGBSBTMRBGBCBeBMR,0
HBOHBSTLHBPQHBMHBGDMaOBGDMBEGBMBCCPQBCGBSBTMRBGBCBMeBMR,1
HBOHBSTLHBPQHBMHBGDMaOBGDMBEGBMBCCPQBCGBSBCDTMRBGBCBMeBMR,1
,0
HBOHBSTLHBPQHBMHBGDMaOBGDMBEGBMBCCPQBCGBSBTMRBGBCBMeBMR,1
HBOHBSTLHBPQHBMHBGDMaOBGDMBEGBMBCCPQBCGBSBCDTMRBGBCBMeBMR,1
HBOHBSTLHBPQHBMHBGDMaOBGDMBEGBMBCCPQBCGBSBCDTMRBGBCBMeBMR,1
HBOHBSTLHBPQHBMHBGDMaOBGDMBEGBMBCCPQBCGBSBTMRBGBCOBCDPMeBMR,1
HBOHBSTLHBPQHBMBGDMaOHBGDMBEBMBCCPQBCGBSBTMRBGBCBMeBMR,0
HBOHBSTLHBPQHBMBGDMaOHBGDMBEBMBCCPQBCGBSBTMRBGBCBMeBMR,1
HBOHBSTLHBPQHBMHBMaOBGDMBEBMBCCPQBCGBSBTMReBCBMR,1
HBOHBSTLHBPQHBGDMHBMaOBGDMBEBMBCCPQBCGBSBTMReBCBMR,1
HBOHBLHBPQHBGDMaOHBGDMBEBMBCCPQBCGBSBTMRBCGBMeBMR,0
HBOHBSTLHBPQHBMBGDMaOHBGDMBEBMBCCPQBCGBSBTMRBGBCBMeBMR,1
HBOHBLHBPQHBGDMaOHBGDMBEBMBCCPQBCGBSBTMRBCGBMeBMR,0
HBOHBSTLHBPQHBGAMHBMHBMaOBGDMBEBMBCCPQBCGBSBTMRBGBCBMeOBPMR,1
HBOHBLHBPQHBGDMaOHBGDMBEBMBCCPQBCGBSBTMRBCGOBCDPMeBMR,0
,0
HBOHBSTLHBPQHBGAMHBMHBMaOBGDMBEBMBCCPQBCGBSBTMRBGBCBMeOBPMR,1
,0
,0
,0
,0
HBOHBLHBPQHBGDMaOHBGDMBEBMBCCPQBCGBSBTMRBCGOBPMeBMR,0
HBOHBLHBPQHBGDMaOHBGDMBEBMBCCPQBGBCBSBTMRBCGOBPMeBMR,0
HBOHBSTLHBPQHBGDMaOHBGDMBEBMBCCPQBGBCBSBTMRBCGOBPMeBMR,1
,0
,0
,0
,0
,0
,0
,0
,0
,0
HBOHBSTLHBPHBGBSDTMaOBGDMBEBMBCCPQBGBCBSBTMRHBGBCBMeBR,0
HBOHBSTLHBPQHBGBSDTMaOBGDMBEBMBCCPQBGBCBSBTMRHBGBCBMeBR,0
HBOHBSTLHBPQHBGBSDTMaOHBGDMBEBMBCCPQBGBCBSBTMRHBGBCBMeBR,0
HBOHBSTLHBPQHBGBSDTMaOHBGDMBEBMBCCPQBGBCBSBTMRHBGBCBMeBR,0
HBOHBSTLHBPQHBGBSDTMaOHBGDMBEBMBCCPQBGBCBSBTMRHBGBCBMeBMR,1
HBOHBSTLHBPQHBGDMaOHBGDMBEBMBCCPQBGBCBSBTM,0
HBOHBSTLHBPQHBGDMaOHBGDMBEBMBCCPQ,0
HBOHBSTLHBPQHBGDMaOHBGDMBEBMBCCPQ,0
HBOHBSTLHBPQHBGDMaOHBGDMBEBMBCCPQ,0
HBOHBSTLHBPQHBGDHBaOBGGDMBEBLBCCPQBCGBSBTMReBCBMR,0
HBOHBSTLHBPQHBGDHBaOBGGDMBEBMBCCPQBCGBSBTMReBCBMR,0
HBOHBSTLHBPQHBGDMaOHBGDMBEBMBCCPQ,0
HBOHBSTLHBPQHBGDHBaOBGGDMBEBMBCCPQBCGBSBTMReBCBMR,0
HBOHBSTLHBPQHBGDHBaOBGDMBEBMBCCPQBCGBSBTMReBCBMR,0
HBOHBSTLHBPQHBGDHBaOBGDMBEBMBCCPQBCGBSBTMReBCBMR,0
HBOHBSTLHBPQHBGDMHBMaOBGDMBEBMBCCPQBCGBSBTMReBCBMR,1
HBOHBSTLHBPQHBGDMHBMaOBGDMBEBMBCCPQBCGBSBTMReBCBMR,1
HBOHBSTLHBPQHBGDMaOHBGDMBEBMBCCPQBCGBSBTMReBCBR,0
HBOHBSTLHBPQHBGDMaOHBGDMBEBMBCCPQBCGBSBTMReBCBMR,1
HBOHBSTLHBPQHBGDMHBaOHBGDMBEBMBCCPQBGBCBSBTMBCCReBCBMR,0
HBOHBSTLHBPQHBGDMHBaOHBGDMBEBMBCCPQBGBCBSBTMBCCRHBGBCBMeBMR,0
HBOHBSTLHBPQHBGDMHBaOHBGDMBEBMBCCPQBGBCBSBTMBCCRHBGBCBMeBMR,0
HBOHBSTLHBPQHBGDMHBaOHBGDMBEBMBCCPQBGBCBSBTMBCCMRHBGBCBMeBMR,0
HBOHBSTLHBPQHBGDMHBMaOHBGDMBEBMBCCPQBGBCBSBTMBCCMRHBGBCBMeBMR,1
,0
HBOHBSTLHBPQHBGDMaOHBGDMBEBMBCCPQBGBCBSBTMRHBGBCBMeBMR,1
,0
,0
HBOHBSTLHBPQHBGDMaOHBGDMBEBMBCCPQBGBCBSBTMRHBGBCBMeBMR,1
HBOHBSTLHBPQHBGDMaOHBGDMBEBMBCCPQBGBCBSBTMRHBGBCBMeBMR,1
HBOHBSTLHBPQHBGDMaOHBGDMBEBMBCCPQBGBCBSBTMReBCBMR,1
HBOHBSTLHBPQHBGDMaOHBGDMBEBMBCCPQBGBCBSBTMRHBGBCBeBCBMR,0
HBOHBSTLHBPQHBGDMaOHBGDMBEBMBCCPQBGBCBSBTMRHBGBCBMeBMR,1
HBOHBSTLHBPQHBMaOBGDLBEBLBCCPQBCGBReOBCBPMR,0
HBOHBSTLHBPQHBMHBMaOBGDLBEBLBCCPQBCGBReOBCBPMR,0
HBOHBSTLHBPQHBMHBMaOBGDLBEBLBCCPQBCGBMReOBCBPMR,0
HBOHBSTLHBPQHBLBMHBMaOBGDLBEBLBCCPQBCGBMRBGBCBeBMR,0
HBOHBSTLHBPQHBLBMHBMaOBGDLBEBLBCCPQBCGBMRBGBCBMeBMR,0
HBOHBSTLHBPQHBLBMHBMaOBGDLBEBLBCCPQBCGBSBTMRBGBCBMeBMR,0
HBOHBSTLHBPQHBLBMHBMaOBGDLBEBLBCCPQBCGBSBTMRBGBCOHPBMeBMR,0
HBOHBSTLHBPQHBLBMHBMaOBGDLBEBLBCCPQBCGBSBTMRBGBCOHPBMeBMR,0
HBOHBSTLHBPQHBLBMHBMaOBGDLBEBLBCCPQBCGBSBTMRBGOBCOHPBPMeBMR,0
HBOHHBSTLHBPQHBMHBMHBMaOBGDMBEGBMBCCPQBGBCBSBTMRBGOHPBCOHPBMBODLBPMR,0
HBOHBSTLHBPQHBMHBMHBMaOBGDMBEGBMBCCPQBGBCBSBTMRBGOHPBCOHPBMBODLBPMR,0
HBOHBSTLHBPQHBMHBMHBMaOBGDMBEGBMBCCPQBGBCBSBTMRBGOHPBCOHPBMeBMR,0
HBOHBSTLHBPQHBMHBMHBMaOBGDMBEGBMBCCPQBGBCBSBTMRBGOHPBCOHPBMeBMR,0
HBOHBSTLHBPQHBMHBMHBMaOBGDMBEGBMBCCPQBGBCBSBTMRBGBCBMeBMR,0
HBOHBSTLHBPQHBMHBMHBMaOBGDMBEGBMBCCPQBGBCBSBTMRBGBCBMeBMR,0
HBOHBSTLHBPQHBLBMHBMaOBGDMBEBMBCCPQBCGBSBTMRBGOBCOHPBPMeBMR,1
HBOHBSTLHBPQHBMHBGDMHBGDMaOBGDMBEGBMBCCPQBGBCBSBTMRBGBCBMeBMR,0
HBOHBSTLHBPQHBMHBGDMHBGDMaOBGDMBEGBMBCCPQBGBCBSBTMRBGBCBMeBMR,0
HBOHBSTLHBPQHBMHBGDMHBGDMaOBGDMBEGBMBCCPQBGBCBSBTMRBGBCBMeBMR,0
HBOHBSTLHBPQHBMHBGDMHBMaOBGDMBEGBMBCCPQBCGBSBTMRBGBCBMeBMR,0
HBOHBSTLHBPQHBMHBGDMHBMaOBGDMBEGBMBCCPQBCGBSBTMRBGBCBMeBMR,0
HBOHBSTLHBPQHBGDLBMHBMaOBGDMBEBMBCCPQBCGBSBTMRBGOBCOHPBPMeBMR,1
HBOHBSTLHBPQHBGDMaOHBGDMBEBMBCCPQBCGBSBTMReBCBMR,1
HBOHBSTLHBPQHBGDMaOHBGDMBEBMBCCPQBCGBSBTMReBMR,1
HBOHBSTLHBPQHBGDMaOHBGDMBEBMBCCPQBCGBSBTMReBCBMR,1
HBOHBSTLHBPQHBGDMaOHBGDMBEBMBCCPQBCGBSBTMReBMR,1
HBOHBSTLHBPQHBGDMaOHBGDMBEBMBCCPQBCGBSBTMReBCBMR,1
HBOHBSTLHBPQHBGDMaOHBGDMBEBMBCCPQBCGBSBTMReBMR,1
HBOHBSTLHBPQHBGDMaOHBGDMBEBMBCCPQBCGBSBTMReBCBMR,1
HBOHBSTLHBPQHBGDMaOHBGDMBEBMBCCPQBCGBSBTMReBMR,1
HBOHNBLHBPQHBGDMHBMaOBGDMBEBMCCBPBCGNOBCBPMeBCBMR,1
HBOHNBLHBPQHBGDMHBMaOBGDMBEBMBCCPQBCGNOBCBPMReBCBMR,1
HBOHNBLHBPQHBMHBMBGNBMaOBGDMBEBMBCCPBCGNOBCBPMeBCBMR,1
HBOHNBLHBPQHBMHBGDMaOBGDMBEBMBCCPBCGNOBCBPMeBCBMR,1
,0
,0
,0
HBOHNBLHBPQHBGDMaOHBGDMBEBMBCCPQBCGNOBCBPMRBGBCBMeBMR,1
HBOHNBLHBPQHBMHBM,0
HBOHNBLHBPQHBMHBM,0
HBOHNBLHBPQHBMHBGDMaOBGDMBEBMBCCPBCGNOBCBPMeOBCBPR,0
HBOHNBLHBPQHBMHBGDMaOBGDMBEBMBCCPBCGNOBCBPMeOBCBPMR,1
HBOHNBLHBPQHBMHBM,0
HBOHNBLHBPQHBLBGDMHBGDMaOBGDMBEBMBCCPQBGBCNOBCBPMReBCBMR,1
HBOHNBLHBPQHBGDMaOHBGDMBEBMBCCPQBCGNOBCBPMReBCBMR,1
,0
HBOHNBLHBPQHBGDMaOHBGDMBEBMBCCPQBCGNOBCBPMReBCBMR,1
HBOHNBLHBPQHBGDMaOHBGDMBEBMBCCPQBCGNOBCBPMReBCBMR,1
HBOHNBLHBPQHBGDMaOHBGDMBEBMBCCPQBCGNOBCBPMReBCBMR,1
HBOHNBLHBPQHBMHBGDMaOBGDMBEBMBCCPBCGNOBCBPMeOBCBPMR,1
HBOHNBLHBPQHBMHBM,0
HBOHNBLHBPHBMHNBMBGDMaOBGDMBEBMBCCPQNBGNBCNOBCBPMReNBCBMR,0
HBOHNBLHBPHBMHNBMNBGDMaOBGDMBEBMBCCPQNBGNBCNOBCBPMReNBCBMR,0
HBOHNBLHBPHBMHNBMNBGDMaOBGDMBEBMBCCPQNBGNBCNOBCBPMReNBCBMR,0
HBOHNBLHBPHBMHNBMNBGDMaOBGDMBEBMBCCPQNBGNBCNOBCBPMReNBCBMR,0
HBOHNBLHBPHBMHNBMNBGDMaOBGDMBEBMBCCPQNBGNBCNOBCBPMReNBCBMR,0
,0
HBOHNBLHBPQHBLBMHBMaOBGDMBEBMBCCPQBGBCNOBCBPMRBGBCBMeBR,0
HBOHNBLHBPQHBLBMHBMaOBGDMBEBMBCCPQBGBCNOBCBPMRBGBCBMeBMR,1
HBOHNBLHBPQHBLBMHBMaOBGDMBEGBMBCCPQBGBCNOBCBPMRBGBCBMeBMR,1
HBOHNBLHBPQHBLBMHBMaOBGDMBEBMBCCPQBGBCNOBCBPMRBGBCBMeBMR,1
HBOHNBLHBPQHBLBMHBMaOBGDMBEBMBCCPQBGBCNOBCBPMRBGBCBMeBMR,1
HBOHNBLHBPQHBLBMHBMaOBGDMBEBMBCCPQBGBCNOBCBPMRBGBCBMeBMR,1
HBOHNBLHBPQHBLBMHBMaOBGDMBEBMBCCPQBGBCNOBCBPMRBGBCBMeBMR,1
HBOHNBLHBPQHBMBGDMaOHBGDMBEBMBCCPQBCGNOBCBPMBCBMReBMR,1
HBOHNBLHBPQHBMHBMaOBGDMBEBMBCCPQBGBCNOBCBPMReBCBMR,1
HBOHNBLHBPQHBMHBMaOBGDMBEBMBCCPQBGBCNOBCBPMReBCBMR,1
HBOHNBLHBPQHBMHBMaOBGDMBEBMBCCPQBGBCNOBCBPMReBCBMR,1
HBOHNBLHBPQHBMHBMaOBGDMBEBMBCCPQBGBCNOBCBPMReBCBMR,1
HBOHNBLHBPQHBMBGDMaOHBGDMBEBMBCCPQBCGNOBCBPMBCGBMReBMR,1
HBOHNBLHBPQHBMHBMaOBGDMBEBMBCCPQBGBCNOBCBPMReBMR,1
HBOHNBLHBPQHBMHBMaOBGDMBEBMBCCPQBGBCNOBCBPMReBCBMR,1
HBOHNBLHBPQHBLBGDMaOBGDMBEBMBCCPQBCGNOBCBPMReOBCBPMR,1
HBOHNBLHBPQHBMHBMaOBGDMBEBMBCCPQBGBCNOBCBPMReBCBCDMR,1
HBOHNBLHBPQHBMBGDMaOHBGDMBEBCDMBCCPQBCGNOBCBPMBCGBMReBMR,1
HBOHNBLHBPQHBMHBMaOBGDMBEBMBCCPQBGBCNOBCBPMReBCBCDMR,1
HBOHNBLHBPQHBMHBMaOBGDMBEBMBCCPQBGBCNOBCBPMReBCBMR,1
,0
HBOHNBLHBPQHBMHBGDMaOBGDMBEBMBCCPQBCGNOBCBPMReOBCBPMR,1
HBOHNBLHBPQHBMBGDMaOHBGDMBEBMBCCPQBCGNOBCBPMBCGBMReBMR,1
HBOHNBLHBPHBLBMBGDMaOBGDMBEBMBCCPQBGBCNOBCBPMReBCBMR,0
HBOHNBLHBPHBLBMBGDMaOBGDMBEBMBCCPQBGBCNOBCBPMReBCBMR,0
HBOHNBLHBPHBLBMBGDMaOBGDMBEBMBCCPQBGBCNOBCBPMReBCBMR,0
HBOHNBLHBPQHBMBGDMaOHBGDMBEBMBCCPQBCGNOBCBPMBCGOHPBMReBMR,1
HBOHNBLHBPHBLBMBGDMaOBGDMBEBMBCCPQBGBCNOBCBPMReBCBMR,0
HBOHNBLHBPHBLBGDMaOBGDMBEBMBCCPQBGBCNOBCBPMReBCBMR,0
HBOHNBLHBPHBLBGDMaOBGDMBEBMBCCPQBGBCNOBCBPMReBCBMR,0
HBOHNBLHBPHBLBGDMaOBGDMBEBMBCCPQBGBCNOBCBPMReBCBMR,0
HBOHNBLHBPHBLBGDMaOBGDMBEBMBCCPQBGBCNOBCBPMReBCBMR,0
HBOHNBLHBPHBLBGDMaOBGDMBEBMBCCPQBGBCNOBCBPMReOBCBPMR,0
HBOHNBLHBPHBLBGDMaOBGDMBEBMBCCPQBGBCNOBCBPMReOBCBPMR,0
HBOHNBLHBPHBLBGDMaOBGDMBEBMBCCPQBGBCNOBCBPMReOBCBPMR,0
HBOHNBLHBPQHBGDMaOHBGDMBEBMBCCPQBCGNOBCBPMReBCBMR,1
HBOHNBLHBPQHBLBGDMaOBGDMBEBMBCCPQBGBCNOBCBPMReOBCBPMR,0
HBOHNBLHBPQHBLBGDMaOBGDMBEBMBCCPQBGBCNOBCBPMReOBCBPMR,0
HBOHNBLHBPQHBLBGDMaOBGDMBEBMBCCPQBGBCNOBCBPMReOBCBPMR,0
HBOHNBLHBPQHBLBGDMaOBGDMBEBMBCCPQBGBCNOBCBPMReOBCBPMR,0
HBOHNBLHBPQHBLBGDMaOBGDMBEBMBCCPQBGBCNOBCBPMReOBCBPMR,0
HBOHNBLHBPQHBLBGDMaOBGDMBEBMBCCPQBGBCNOBCBPMReOBCBPMR,0
HBOHNBLHBPQHBLBGDMaOBGDMBEBMBCCPQBGBCNOBCBPMReOBCBPMR,0
HBOHNBLHBPQHBMBGDMaOHBGDMBEBMBCCPQBCGNOBCBPMBODLBLBPMBCGOHPBMReBMR,1
HBOHNBLHBPQHBMBGDMaOHBGDMBEBMBCCPQBCGNOBCBPMBODLBLBPMBCGOHPBMReBMR,1
HBOHNBLHBPQHBLBGDMaOBGDMBEBMBCCPQBGBCNOBCNBPMReOBCBPMR,0
HBOHNBLHBPQHBLBGDMaOBGDMBEBMBCCPQBGBCNOBCNBPMReOBCBPMR,0
HBOHNBLHBPQHBMBGDMaOHBGDMBEBMBCCPQBCGNOBCBNfOHPPMBODLBLBPMBCGOHPBMReBMR,1
HBOHNBLHBPQHBLBGDMaOBGDMBEBMBCCPQBGBCNOBCBPMReOBCBPMR,0
HBOHNBLHBPQHBMBGDMaOHBGDMBEBMBCCPQBCGNOBCBPMBODLNOBCBPBODLBLBPMBCGOHPBMReBMR,0
HBOHNBLHBPQHBMBGDMaOHBGDMBEBMBCCPQBCGNOBCBPMBODLNOBCBPPMBODLBLBPMBCGOHPBMReBMR,1
HBOHNBLHBPQHBLBGDMaOBGDMBEBMBCCPQBGBCNOBCBPMReOBCBPMR,0
HBOHNBLHBPQHBLBGDMaOBGDMBEBMBCCPQBGBCNOBCBPMReOBCBPMR,0
HBOHNBLHBPQHBLBGDMaOBGDMBEBMBCCPQBGBCNOBCBPMReOBCBPMR,0
HBOHNBLHBPQHBLBGDMaOBGDMBEBMBCCPQBGBCNOBCBPMReOBCBPMR,0
HBOHNBLHBPQHBLBGDMaOBGDMBEBMBCCPQBGBCNOBCBPMReOBCBPMR,0
HBOHNBLHBPQHBLBGDMaOBGDMBEBMBCCPQBGBCNOBCBPMReOBCBPMR,0
HBOHNBLHBPQHBLBGDMaOBGDMBEBMBCCPQBGBCNOBCBPMReOBCBPMR,0
HBOHNBLHBPQHBLNBGDMaOBGDMBEBMBCCPQNBGNBCNOBCBPMReOBCBPMR,0
HBOHNBLHBPQHBLNBGDMaOBGDMBEBMBCCPQNBGNBCNOBCBPMReONBCBPMR,0
HBOHNBLHBPQHBLNBGDMaOBGDMBEBMBCCPQNBGNBCNOBCBPMReONBCBPMR,0
HBOHNBLHBPQHBLNBGDMaOBGDMBEBMBCCPQNBGNBCNOBCBPMReONBCBPMR,0
HBOHNBLHBPQHBLNBGDMaOBGDMBEBMBCCPQNBGNBCNOBCBPMReONBCBPMR,0
HBOHBLHBSTPQHBMBGDMaOBGDMBEBMBCCPQBCGBSBTMReBMRHBOHBLHBSTPQeBOBLBPCBMR,0
HBOHBLHBSTPQHBMBGDMaOBGDMBEBMBCCPQBCGBSBTMReBMRHBOHBLHBSTPQeBOBLBPCBMR,0
HBOHNBLHBPQHBLNBGDMaOBGDMBEBMBCCPQNBGNBCNOBCBPMReONBCBPMR,0
HBOHNBLHBPQHBLBGDMaOBGDMBEBMBCCPQBGBCNOBCBPMReONBCBPMR,0
HBOHNBLHBPQHBLBGDMaOBGDMBEBMBCCPQBGBCNOBCBPMReONBCBPMR,0
HBOHNBLHBPQHBLBGDMaOBGDMBEBMBCCPQBGBCNOBCBPMReOBCBPMR,0
HBOHNBLHBPQHBLBGDMaOBGDMBEBMBCCPQBGBCNOBCBPMReOBCBPMR,0
HBOHNBLHBPQHBLBGDMaOBGDMBEBMBCCPQBGBCNOBCBPMReOBCBPMR,0
HBOHNBLHBPQHBLBGDMaOBGDMBEBMBCCPQBGBCNOBCBPMReOBCBPMR,0
HBOHNBLHBPQHBLBGDMaOBGDMBEBMBCCPQBGBCNOBCBPMReOBCBPMR,0
HBOHNBLHBPQHBLBGDMaOBGDMBEBMBCCPQBGBCNOBCBPMReOBCBPMR,0
HBOHNBLHBPQHBLBGDMaOBGDMBEBMBCCPQBGBCNOBCBPMReOBCBPMR,0
HBOHNBLHBPQHBLBGDMaOBGDMBEBMBCCPQBGBCNOBCBPMReOBCBPMR,0
HBOHNBLHBPQHBLBGDMaOBGDMBEBMBCCPQBGBCNOBCBPMReOBCBPMR,0
HBOHNBLHBPQHBLBGDMaOBGDMBEBMBCCPQBGBCNOBCBPMReOBCBPMR,0
HBOHNBLHBPQHBLBGDMaOBGDMBEBMBCCPQBGBCNOBCBPMReOBCBPMR,0
HBOHNBLHBPQHBMBGDMaOHBGDMBEBMBCCPQBCGOHPNOBCBPMBODLNOBCBPPMBODLBLBPMBCGOHPBMReBMR,1
HBOHNBLHBPQHBMBGDMaOHBGDMBEBMBCCPQBCGOHPNOBCBPMBODLNOBCBPPMBODLBLBPMBCGOHPBMReBMR,1
HBOHNBLHBPQHBLBMBGDMaOBGDLBEBLBCCPQBGBSBTReBR,0
HBOHNBLHBPQHBLBMBGDMaOBGDLBEBLBCCPQBGBSBTMReBR,0
HBOHNBLHBPQHBGDMaOHBGDMBEBMBCCPQBCGNOBCBPMReOBCGBPMR,1
HBOHNBLHBPQHBMHBGDMaOBGDMBEBMBCCPQBCGNOBCBPMReOBCBPMR,1
HBOHNBLHBPQHBGDMaOHBGDMBEGBMBCCPQBCGNOBCBPMReOBCGBPMR,1
HBOHNBLHBPQHBLBGDMaOBGDMBEBMBCCPQBGBCNOBCBPMReOBCBPMR,0
HBOHNBLHBPQHBMHBGDMaOBGDMBEBMBCCPQBCGNOBCDPMReOBCBPMR,1
HBOHNBLHBPQHBGDMaOHBGDMBEGBMBCCPQBCGNOBCBPMReOBCGBPMR,1
HBOHNBLHBPQHBGDMaOHBGDMBEBMBCCPQBCGNOBCBPMReOBCGBPMR,1
HBOHNBLHBPQHBMHBGDMaOBGDMBEBMBCCPQBCGNOBCDPMReOBCBPMR,1
HBOHNBLHBPQHBMHBGDMaOBGDMBEBMBCCPQBCGNOBCDPMReOBCBPMR,1
HBOHNBLHBPQHBMHBGDMaOBGDMBEBMBCCPQBCGNOBCDPMReOBCBPMR,1
HBOHNBLHBPQHBMHBGDMaOBGDMBEBMBCCPQBCGNOBCBPMReOBCBPMR,1
HBOHNBLHBPQHBLBMBGDMaOBGDLBEBLBCCPQBCGNOBCBPReBCBR,0
HBOHNBLHBPQHBGDMaOHBGDMBEBMBCCPQBCGNOBCBPMReOBCGBPMR,1
HBOHNBLHBPQHBLBMBGDMaOBGDLBEBLBCCPQBCGNOBCBPMReBCBR,0
HBOHNBLHBPQHBLBMBGDMaOBGDLBEBLBCCPQBCGNOBCBPMReBCBR,0
HBOHNBLHBPQHBLBMBGDMaOBGDLBEBLBCCPQBCGNOBCBPMReBCBMR,0
HBOHNBLHBPQHBLBMBGDMaOBGDLBEBLBCCPQBCGNOBCBPMReBCBMR,0
HBOHNBLHBPQHBLBMBGDMaOBGDLBEBLBCCPQBCGNOBCBPMReBCBMR,0
HBOHNBLHBPQHBLBMBGDMaOBGDLBEBLBCCPQBCGNOBCBPMReBCBMR,0
HBOHNBLHBPQHBLBMBGDMaOBGDLBEBLBCCPQBCGNOBCBPMReBCBMR,0
HBOHNBLHBPQHBLBGDMaOBGDMBEBMBCCPQBGBCNOBCBPMReOBCBPMR,1
HBOHNBLHBPQHBLBMBGDMaOBGDLBEBLBCCPQBCGNOBCBPMReOBCBPMR,0
HBOHNBLHBPQHBLBMBGDMaOBGDMBEBMBCCPQBCGNOBCBPMReOBCBPMR,1
HBOHNBLHBPQHBGDMHBMaOBGDMBEBMBCCPQBCGNOBCBPMReOBCBPMR,1
,0
HBOHNBLHBPQHBLBMBGDMaOBGDMBEBMBCCPQBCGNOBCBPMReOBCBPMR,0
,0
HBOHNBLHBPQHBLBGDMHBMaOBGDMBEBMBCCPQBGBCNOBCBPMRBGBCBeBMR,0
HBOHNBLHBPQHBLBMaOBGDMBEBMBCCPBCGNBeBCBMR,0
HBOHNBLHBPQHBLBGDMHBMaOBGDMBEBMBCCPQBGBCNOBCBPMRBGBCBeBMR,0
HBOHNBLHBPQHBLBMaOBGDMBEBMBCCPBCGNBeOBCBPMR,0
HBOHNBLHBPQHBLBMaOBGDMBEBMBCCPBCGNBeOBCBPMR,0
HBOHNBLHBPQHBLBGDMHBMaOBGDMBEBMBCCPQBGBCNOBCBPMRBGBCBMeBMR,1
HBOHNBLHBPQHBLBMaOBGDMBGEBMBCCPBCGNBeOBCBPMR,0
HBOHNBLHBPQHBLBMaOBGDMBGEBMBCCPBCGNBeOBCBPMR,0
HBOHNBLHBPQHBLBMaOBGDMBGEBMBCCPBCGNBMeOBCBPMR,0
HBOHNBLHBPQHBLBMaOBGDMBGEBMBCCPBCGNBMeOBCBPMR,0
HBOHNBLHBPQHBLBMBGDMaOBGDMBEBMBCCPQBCGNOBCBPMReOBCBPMR,0
HBOHNBLHBPQHBMHBGDMaOBGDMBEBMBCCPQBCGNOBCBPMReOBCBPMR,1
,0
HBOHNBLHBPQHBLBMaOBGDMBGEBMBCCPBCGNBMeOBCBPMR,0
HBOHNBLHBPQHBLBMBGDMaOBGDMBEBMBCCPQBCGOBCBPMReOBCBPMR,0
HBOHNBLHBPQHBLBMaOBGDMBEBMBCCPBCGNBMeOBCBPMR,1
,0
,0
HBOHNBLHBPQHBLBMBGDMaOBGDMBEBMBCCPQBCGNONBCBPMReOBCBPMR,0
HBOHNBLHBPQHBLBMaOBGDMBEBMBCCPBCGNBMeOBCBCDPMR,1
,0
HBOHNBLHBPQHBLBMBGDMaOBGDMBEBMBCCPQBCGONBCBPMReOBCBPMR,1
HBOHNBLHBPQHBLBMaOBGDMBEBMBCCPBCGNBMeOBCOBCDPPMR,1
HBOHNBLHBPQHBMHBGDMaOBGDMBEBMBCCPQBGBCNOBCBPMReBCBMR,1
HBOHNBLHBPQHBMHBMBGDMaOBGDMBEBMBCCPBCGNOBCBPMeBR,0
HBOHNBLHBPQHBMHBMBGDMaOBGDMBEBMBCCPBCGNOBCBPMeBMR,1
HBOHNBLHBPQHBLBMaOBGDMBEBMBCCPBCGNOBCBPMeOBCBPMR,1
HBOHNBLHBPQHBMHBMBGDMaOBGDMBEBMBCCPBCGNOBCBPMeBCBMR,1
,0
HBOHNBLHBPQHBMBGDMaOHBGDMBEBMBCCPQBCGOHPNOBCBPMBODLNOBCBPPMBODLBLBPMRBCGOHPBMeBMR,1
HBOHNBLHBPQHBLBMaOBGDMBEBMBCCPBCGNOBCBPMBGBCBeOBPMR,0
HBOHNBLHBPQHBLBMaOBGDMBEBMBCCPBCGNOBCBPMBGBCBMeOBPMR,1
HBOHNBLHBPQHBLBMaOBGDMBEBMBCCPBCGNOBCBPMBGBCBMeOBPMR,1
HBOHNBLHBPQHBLBMaOBGDMBEBMBCCPBCGNOBCBPMBGBCBMeOBPMR,1
HBOHNBLHBPQHBGDMHBMaOBGDMBEBMBCCPQBCGONBCBPMReOBCBPMR,1
HBOHNBLHBPQHBGDMHBMaOBGDMBEBMBCCPQBCGNOBCBPMReOBCBPMR,1
HBOHNBLHBPQHBGDLBMaOBGDMBEBMBCCPBCGNOBCBPMBGBCBMeOBPMR,1
HBOHNBLHBPQHBGDMHBMaOBGDMBEBMBCCPQBCGNOBCBPMReOBCBPMR,1
HBOHNBLHBPQHBGDLBMaOBGDMBEBMBCCPBCGNOBCBPMBGBCBMeOBPMR,0
HBOHNBLHBPQHBGDLBMaOBGDMBEBMBCCPBCGNOBCBPMBGBCBMeOBPMR,0
HBOHNBLHBPQHBGDLBMaOBGDMBEBMBCCPBCGNOBCBPMBGBCBMeOBPMR,1
HBOHNBLHBPQHBGDLBMaOBGDMBEBMBCCPBCGNOBCBPMBGBCBMeOBPMR,1
HBOHNBLHBPQHBGDLBMaOBGDMBEBMBCCPBCGNOBCBPMBGBCBMeOBPMR,1
HBOHNBLHBPQHBGDLBMaOBGDMBEBMBCCPBCGNOBCBPMBGBCBMeOBPMR,1
,0
,0
HBOHNBLHBPQHBGDMHBMaOBGDMBEBMBCCPBCGNOBCBPMBGBCBMeOBPMR,1
HBOHNBLHBPQHBLBMHBMBGDMaOBGDMBEBMBCCPQBCGNOBCBPMRBGBCBMeBMR,0
HBOHNBLHBPQHBLBMHBMBGDMaOBGDMBEBMBCCPQBCGNOBCBPMRBGBCBMeBMR,1
HBOHNBLHBPQHBMHBLBMBGDMaOBGDMBEBMBCCPQBCGNOBCBPMRBGBCBMeBMR,1
HBOHNBLHBPQHBGDMHBMaOBGDMBEBMBCCPBCGNOBCBPMBGBCBMeOBPMR,1
HBOHNBLHBPQHBMHBGDMaOBGDMBEBMBCCPQBCGNOBCBPMReOBCBPMR,1
HBOHNBLHBPQHNBGBLBGDMHBMaOBGDMBEBMBCCPQBGBCNOBCBPReBCBMR,0
HBOHNBLHBPQHNBGBLBGDMHBMaOBGDMBEBMBCCPQBGBCNOBCBPMReBCBMR,1
HBOHNBLHBPQHBLBLBMBGDMBGNBMaOBGDMBEBMBCCPBGBCNBMeBMR,1
HBOHNBLHBPQHBLBLBMBGDMBGNBMaOBGDMBEBMBCCPBGBCNBMBGBCBeBMR,0
,0
HBOHNBLHBPQHBLBLBMBGDMBGNBMaOBGDMBEBMBCCPBGBCNBMBGBCBMeBMR,1
,0
HBOHNBLHBPQHBMHBGDMaOBGDMBEBMBCCPQBCGNOBCBPMReOBCBPMR,0
HBOHNBLHBPQHBLBGDMaOBGDMBEBMBCCPQBGBCNOBCBPMReOBCBPMR,0
HBOHNBLHBPQHBLBLBMBGDMBGNBMaOBGDMBEBMBCCPBGBCNBMBGBCBMeBCDMR,1
HBOHNBLHBPQHBMHBGDMaOBGDMBEBMBCCPQBCGNOBCBPMReOBCBPMR,1
HBOHNBLHBPQHBLBLBMBGDMBGNBMaOBGDMBEBMBCCPBGBCNBMBGBCBMeBMR,1
HBOHNBLHBPQHBLBGDMaOBGDMBEBMBCCPQBGBCNOBCBPMReOBCBPMR,1
HBOHNBLHBPQHBLBGDMaOBGDMBEBMBCCPQBGBCNOBCBPMReOBCBPMR,1
HBOHNBLHBPQHBLBGDMaOBGDMBEBMBCCPQBGBCNOBCBPMReOBCBPMR,1
HBOHNBLHBPQHBLBGDMaOBGDMBEBMBCCPQBGBCNOBCBPMReOBCBPMR,1
HBOHNBLHBPQHBLBGDMaOBGDMBEBMBCCPQBGBCNOBCBPMReOBCBPMR,0
HBOHNBLHBPQHBLBGDMaOBGDMBEBMBCCPQBGBCNOBCBPMReOBCBPMR,1
HBOHNBLHBPQHNBGBLBGDMHBMaOBGDMBEBMBCCPQBGBCNOBCBPReBCBMR,0
HBOHNBLHBPQHNBGBLBGDMHBMaOBGDMBEBMBCCPQBGBCNOBCBPMReBCBMR,1
HBOHBLHBSTPQHBMBGDMaOBGDMBEBMBCCPQBCGBSBTMReBMRHBOHBLHBSTPQeBOBLBPCBMR,0
HBOHNBLHBPQHBLBLBMBGDMBGNBMaOBGDMBEBMBCCPBGBCNBMBGBCBMeBMR,1
HBOHNBLHBPQHBLBLBMBGDMBGNBMaOBGDMBEBMBCCPBGBCNBMBGBCBMeBMR,1
HBOHNBLHBPQHBLBMHBMBGDMBGNBMaOBGDMBEBMBCCPBGBCNBMBGBCBMeBMR,1
,0
HBOHNBLHBPQHBLBMHBMBGDMaOBGDMBEBMBCCPBGBCNBMBGBCBMeBMR,1
HBOHNBLHBPQHBLBMHBMBGDMaOBGDMBEBMBCCPBGBCNBMBGBCBMeBMR,1
HBOHNBLHBPQHBGDMHBMaOBGDMBEBMBCCPBCGNOBCBPMBGBCBMeOBPMR,1
,0
HBOHNBLHBPQHBLBMHBMBGNBR,0
HBOHNBLHBPQHBLBMHBMBGNBMaOBGDMPR,0
HHBOHNBLHBPQHBLBGDMHBMHBSDTGQDLDLDLDLDLDLDLDLDLDRMHBMBGDM,0
HBOHNBLHBPQHBLBMHBMBGNBMaOBGDMBEBMBCCPBGBCNOBCBPMBGHOBPCHOBPMeBR,0
HBOHNBLHBPQHBLBMHBMBGNBMaOBGDMBEBMBCCPBGBCNOBCBPMBGHOBPCHOBPMeBMR,0
HBOHNBLHBPQHBMaOHBGDMBEBMBCCPQBCGNOBCBPMReBCBR,0
HBOHNBLHBPQHBLBMHBMBGNBMaOBGDMBEBMBCCPBGBCNOBCBPMBGHOBPCHOBPMeBMR,0
HBOHNBLHBPQHBMaOHBGDMBEBMBCCPQBCGNOBCBPMReBCBMR,1
HBOHNBLHBPQHBMHBMaOHBGDMBEBMBCCPQBCGNOBCBPMRBGBCBMeBMR,1
HBOHNBLHBPQHBGDMHBMaOHBGDMBEBMBCCPQBCGNOBCBPMRBGBCBMeBMR,1
HBOHNBLHBPQHBLBGDMaOHBGDMBEBMBCCPQBCGNOBCBPMRBGBCBMeBMR,1
HBOHNBLHBPQHBGDMHBMaOBGDMBEBMBCCPBCGNOBCBPMBGBCBMeOBPMR,1
,0
HBOHNBLHBPQHBMHBMBGDMaOBGDMBEBMBCCPBGBCNBCBMBGBCBMeBMR,1
HBOHNBLHBPQR,1
HBOHNBLHBPQHBMHBMBGDMaOBGDMBEBMBCCPBGBCNOBCBPMBGBCBMeBMR,1
HBOHNBLHBPQHBMHBLBMBGNBMaOBGDMBEBMBCCPBGBCNOBCBPMBGHOBPCHOBPMeBMR,0
HBOHNBLHBPQHBMHBLBMBGNBMaOBGDMBEBMBCCPBGBCNOBCBPMBGHOBPCHOBPMeBMR,0
HBOHNBLHBPQHBLBMBGDMaOBGDMBEBMBCCPQBGBCNOBCBPMBGBCBReBR,0
HBOHNBLHBPQHBLBMBGDMaOBGDMBEBMBCCPQBGBCNOBCBPMBGBCBMReBMR,0
HBOHNBLHBPQHBLBMBGDMaOBGDMBEBMBCCPQBGBCNOBCBPMBGBCBMReBMR,1
HBOHNBLHBPQHBLBMBGDMaOBGDMBEBMBCCPQBGBCNOBCBPMRBGBCBeBMR,0
HBOHNBLHBPQHBLBMBGDMaOBGDMBEBMBCCPQBGBCNOBCBPMRBGBCBMeBMR,1
HBOHNBLHBPQHBMHBMBGDMaOBGDMBEBMBCCPQBGBCNOBCBPMRBGBCBMeBMR,1
HBOHNBLHBPQHBMHBLBMBGNBMaOBGDMBEBMBCCPBGBCNOBCBPMBGHOBPCHOBPMeBMR,0
HBOHNBLHBPQHBMHBLBMBGNBMaOBGDMBEBMBCCPBGBCNOBCBPMBGHOBPCHOBPMeBMR,0
HBOHNBLHBPQHBMHBMBGNBMaOBGDMBEBMBCCPQBGNOBCBPMReBCBMR,0
HBOHNBLHBPQHBMHBMBGNBMaOBGDMBEBMBCCPQBGBCNOBCBPMReBCBMR,0
HBOHNBLHBPQHBMHBMBGNBMaOBGDMBEBMBCCPQBGBCNOBPMReBCBMR,0
HBOHNBLHBPQHBLBMBGNBMaOBGDMBEBMBCCPQBGBCNOBPMReBCBMR,0
HBOHNBLHBPQHBLBMBGNBMaOBGDMBEBMBCCPBGBCNOBPMeBCBMR,0
HBOHNBLHBPQHBMHBGDMaOBGDMBEBMBCCPQBCGNOBCBPRR,0
HBOHNBLHBPQHBMHBGDMaOBGDMBEBMBCCPQBCGNOBCBPMReBR,0
HBOHNBLHBPQHBMHBGDMaOBGDMBEBMBCCPQBCGNOBCBPMReBMR,1
HBOHNBLHBPQHBMHBGDMaOBGDMBEBMBCCPQBCGNOBCBPMRBCGBeBMR,0
HBOHNBLHBPQHBMHBGDMaOBGDMBEBMBCCPQBCGNOBCBPMRBCGBMeBMR,1
HBOHNBLHBPQHBMHBGDMaOBGDMBEBMBCCPBCGNOBCBPMeBCBMR,1
HBOHNBLHBPQHBGDLBMaOBGDMBEBMBCCPBCGNOBCBPMBGBCBMeBMR,0
HBOHNBLHBPQHBGDLBMaOBGDMBEBMBCCPBCGNOBCBPMBGBCBMeBMR,0
HBOHNBLHBPQHBMHBGDMaOBGDMBEBMBCCPQBCGNOBCBPMReOBCBPMR,1
HBOHNBLHBPQHBLBMaOBGDMBEBMBCCPBCGNOBCBPMeBCDMR,1
HBOHNBLHBPQHBLBMaOBGDMBEBMBCCPBCGNOBCBPMeBCDMR,1
HBOHNBLHBPQHBMHBGDMaOBGDMBEBMBCCPBCGNOBCBPMBGBCBMeBMR,0
HBOHNBLHBPQHBLBMaOBGDMBEBMBCCPBCGNOBCBPMeBCBMR,1
HBOHNBLHBPQHBMHBGDMaOBGDMBEBMBCCPQBCGNOBCBPMRBGBCBMeBMR,0
HBOHNBLHBPQHBLBMaOBGDMBEBMBCCPBCGNOBCBPMeBCBMR,1
HBOHNBLHBPQHBMHBGDMaOBGDMBEBMBCCPQBCGNOBCBPMRBGBCBMeBMR,1
HBOHNBLHBPQHBMHBGDMaOBGDMBEBMBCCPQBCGNOBCBPMRBGBCBMeBMR,1
HBOHNBLHBPQHBMHBMaOBGDMBEBMBCCPBCGNOBCBPMeBCBMR,1
HHBOHNBLHBPQHBLBGDMHBMHBSDTGQDLDLDLDLDLDLDLDLDLDRMHBMBGDMaOBGDMBEBMBCCPQBCGBSBTMRBGOHPBCOHPBMBODLBPMeDMR,0
HHBOHNBLHBPQHBLBGDMHBMHBSDTGQDLDLDLDLDLDLDLDLDLDRMHBMBGDMaOBGDMBEBMBCCPQBCGBSBTMRBGOHPBCOHPBMBODLBPMeDMR,0
HBOHNBLHBPQHBLBGDMHBMHBSDTGQDLDLDLDLDLDLDLDLDLDRMHBMBGDMaOBGDMBEBMBCCPQBCGBSBTMRBGOHPBCOHPBMBODLBPMeDMR,1
,0
,0
HBOHNBLHBPQHBMHBMBGNBMaOBGDMBEGBMBCCPQBCGNOBCBPMRR,1
HBOHNBLHBPQHBMHBMBGNBMaOBGDMBEGBMBCCPQBCGNOBCBPMRR,1
HBOHNBLHBPQHBLBMHBMBGNBMaOBGDMBEGBMBCCPQBCGNOBCBPMRBGBCBMR,1
HBOHNBLHBPQHBLBMHBMBGNBMaOBGDMBEGBMBCCPQBCGNOBCBPMRBGBCBMR,1
HBOHNBLHBPQHBLBMHBMBGNBMaOBGDMBEGBMBCCPQBCGNOBCBPMRBGBCBMR,1
HBOHNBLHBPQHBLBMHBMBGNBMaOBGDMBEGBMBCCPQBCGNOBCBPMRBGBCBMR,1
HBOHNBLHBPQHBLBMHBMBGNBMaOBGDMBEGBMBCCPQBCGNOBCBPMRR,1
HBOHNBLHBPQHBLBMHBMBGNBMaOBGDMBEGBMBCCPQBCGNOBCBPMRR,1
HBOHNBLHBPQHBLBMHBMBGNBMaOBGDMBEGBMBCCPQBCGNOBCBPMRR,1
HBOHNBLHBPQHBLBMHBMBGNBMaOBGDMBEGBMBCCPQBCGNOBCBPMRR,1
HBOHNBLHBPQHBLBMHBMBGNBMaOBGDMBEGBMBCCPQBCGNOBCBPMRR,1
HBOHNBLHBPQHBLBMHBMBGNBMaOBGDMBEGBMBCCPQBCGNOBCBPMRR,1
HBOHNBLHBPQHBLBMHBMBGNBMaOBGDMBEGBMBCCPQBCGNOBCBPMRR,1
HBOHNBLHBPQHBLBMHBMBGNBMaOBGDMBEGBMBCCPQBCGNOBCBPMRR,1
HBOHNBLHBPQHBLBMHBMBGNBMaOBGDMBEGBMBCCPQBCGNOBCBPMRR,1
HBOHNBLHBPQHBLBMHBMBGNBMaOBGDMBEGBMBCCPQBCGNOBCBPMRR,1
HBOHNBLHBPQHBLBMHBMBGNBMaOBGDMBEGBMBCCPQBCGNOBCBPMRR,1
HBOHNBLHBPQHBLBMHBMBGDMaOBGDMBEGBMBCCPQBCGNOBCBPMRR,1
HBOHNBLHBPQHBLBMHBMBGDMaOBGDMBEGBMBCCPQBCGNOBCBPMRR,1
HBOHNBLHBPQHBLBMHBMBGDMaOBGDMBEGBMBCCPQBCGNOBCBPMRBGBCBR,0
HBOHNBLHBPQHBLBMHBMBGDMaOBGDMBEGBMBCCPQBCGNOBCBPMRBGBCBMR,1
HBOHNBLHBPQHBLBMHBMBGDMaOBGDMBEGBMBCCPQBCGNOBCBPMRBGBCBMR,1
HBOHNBLHBPQHBMHBMBGNBMaOBGDMBEBMBCCPcONOBCBPEBPBGNOBCBPMeBMR,0
HBOHNBLHBPQHBMHBGDMaOBGDMBEBMBCCPBCGNOBCBPMeBCBMR,1
HBOHNBLHBPQHBLBMHBMBGDMaOBGDMBEGBMBCCPQBCGNOBCBPMRBGBCBMR,1
HBOHNBLHBPQHBLBMHBMBGDMaOBGDMBEGBMBCCPQBCGNOBCBPMRBGBCBMR,1
HBOHNBLHBPQHBLBMHBMBGDMaOBGDMBEGBMBCCPQBCGNOBCBPMRBGBCBMR,1
HBOHNBLHBPQHBLBMHBMBGDMaOBGDLBEBLBCCPQBCGNOBCBPMRBGBCBMeBR,0
HBOHNBLHBPQHBLBMHBMBGDMaOBGDLBEBLBCCPMQBCGNOBCBPMRBGBCBMeBMR,0
HBOHNBLHBPQHBLBMHBMBGDMaOBGDLBEBLBCCPMQBCGNOBCBPMRBGBCBMeBMR,0
HBOHNBLHBPQHBLBMHBMBGDMaOBGDMBEBMBCCPQBCGNOBCBPMRBGBCBMeBMR,1
HBOHNBLHBPQHBMBGNOBCDPMaOHBGDMBEBMBCCPQBGBCNOBCBPRBGOBCBPMeBMR,0
HBOHNBLHBPQHBMBGNOBCDPMaOHBGDMBEBMBCCPQBGBCNOBCBPMRBGOBCBPMeBMR,1
HBOHNBLHBPQHBMHBLBMBGNBaOBGDMBEBMBCCPBGBCNOBCBPMBGHOBPCHOBPMeBMR,0
B,0
HBOHNBLHBPQHBMHBLBMBGNBMaOBGDMBEBMBCCPBGBCNOBCBPMBGHOBPCHOBPMeBMR,0
HBOHNBLHBPQHBMHBLBMBGNBMaOBGDMBEBMBCCPBGBCNOBCBPMBGHOBPCHOBPMeBR,0
HBOHNBLHBPQHBMHBLBMBGNBMaOBGDMBEBMBCCPBGBCNOBCBPMBGHOBPCHOBPMeBM,0
HBOHNBLHBPQHBMHBLBMBGNBMaOBGDMBEBMBCCPBGBCNOBCBPMBGHOBPCHOBPMeBMR,0
HBOHNBLHBPQHBMHBLBMBGNBMaOBGDMBEBMBCCPMBGBCNOBCBPMBGHOBPCHOBPMeBM,0
HBOHNBLHBPQHBMHBLBMBGNBMaOBGDMBEBMBCCPMBGBCNOBCBPBGHOBPCHOBPMeBM,0
HBOHNBLHBPQHBMHBLBMBGNBMaOBGDMBEBMBCCPBGBCNOBCBPMBGHOBPCHOBPMeBMR,0
HBOHNBLHBPQHBMHBMaOBGDMBEBMBCCPQBGBCNOBCBPMReHOBPCHOBPMR,0
HBOHNBLHBPQHBMHBMaOBGDMBEBMBCCPQBGBCNOBCBPMReHOBPCHOBPMR,0
HBOHNBLHBPQHBLBMHBMaOBGDMBEBMBCCPQBGBCNOBCBPMRBGHOBPCHOBPMeBMR,0
HBOHNBLHBPQHBLBMHBMaOBGDMBEBMBCCPQBCGNOBCBPMRBGHOBPCHOBPMeBMR,0
HBOHNBLHBPQHBLBMHBMaOBGDMBEBMBCCPQBCGNOBCBPMRBGHOBPCHOBPMeBMR,0
HBOHNBLHBPQHBLBMHBMBGDMaOBGDMBEGBMBCCPQBCGNOBCBPMRBGBCBMR,1
,0
,0
,0
,0
,0
,0
HBOHNBLHBPQHBMHBMHBMBGDMaOBGDMBEBMBCCPQBCGNOBCBPMRBGBCBMeBMR,1
,0
,0
,0
,0
,0
,0
,0
,0
,0
HBOHNBLHBPQHBMHBGDaOBGDMBEBMBCCPQBCGBCBNfOHPMReBCBR,0
HBOHNBLHBPQHBMHBGDMaOBGDMBEBMBCCPQBCGBCBNfOHPMReBCBR,0
HBOHNBLHBPQHBMHBGDMaOBGDMBEBMBCCPQBCGBCBNfOHPMReBCBMR,0
HBOHNBLHBPQHBGDMHBGDMaOBGDMBEBMBCCPQBGBCNOBCBPMReBCBMR,1
HBOHNBLHBPQHBMHBGDMaOBGDMBEBMBCCPQBGBCNOBCBPMReBCBMR,1
HBOHNBLHBPQHBLBMaOBGDMBEBMBCCPBGBCNOBCBPMeDMR,0
,0
,0
HBOHNBLHBPMHBOHNBLHBPQHBGDMHBMaOBGDMBEBMBCCPQBCGNOBCBPMReBCBMR,1
HBOHNBLHBPQHBLBGDMaOBGDMBEBMBCCPBCGNOBCBPMeOBCBPMR,0
HBOHNBLHBPQHBLBGDMaOBGDMBEBMBCCPBCGNOBCBPMeOBCBPMR,1
B,0
,0
HBOHNBLHBPQHBLBGDMaOBGDMBEBMBCCPBCGNOBCBPMeOBCAPMR,0
HBOHNBLHBPQHBGDMaOHBGDMBEBMBCCPQBGBCOBCBPMRBGOBPCBMeBMR,0
,0
HBOHNBLHBPQHBMHBGDMaOBGDMBEBMBCCPBCGNOBCBPMeOBCBPMR,1
,0
HBOHNBLHBPQHBGDMaOHBGDMBEBMBCCPQBGBCOBCBPMRBGOBPCBMeBMR,0
HBOHNBLHBPQHBGDMaOHBGDMBEBMBCCPQBGCOBCBPMRBGOBPCBMeBMR,0
HBOHNBLHBPQHBGDMaOHBGDMBEBMBCCPQBGBCNOBCBPMRBGOBPCBMeBMR,1
HBOHNBLHBPQHBMHBMaOBGDMBEBMBCCPQBGBCBSBTMReBCBMR,0
HBOHNBLHBPQHBMHBMaOBGDMBEBMBCCPQBGBCNOBCBPMReBCBMR,1
HBOHNBLHBPQHBGDMHBGDMaOBGDMBEBMBCCPQBGBCNOBCBPReBMR,0
HBOHNBLHBPQHBGDMHBGDMaOBGDMBEBMBCCPQBGBCNOBCBPMReBMR,0
HBOHNBLHBPQHBGDMHBGDMaOBGDMBEBMBCCPQBGBCNOBCBPMReBMR,0
HBOHNBLHBPQHBGDMHBGDMaOBGDMBEBMBCCPQBGBCNOBCBPMReBMR,1
,0
HBOHNBLHBPQHBLBMaOBGDMBEBMBCCPBGBCNOBCBPMeOBCBPMR,1
HBOHNBLHBPQHBGDMHBGDLBGDMaOBGDMBEBMBCCPQBCGNOBCBPMReBCDMR,1
HBOHNBLHBPQHBGDMaOBGDMBEBMBCCPQBCGNOBCBPMReBMR,0
HBOHNBLHBPQHBMHBGDMaOBGDMBEBMBCCPBGBCNOBCBPMeOBCBPMR,1
HBOHNBLHBPQHBGDMHBMaOBGDMBEBMBCCPQBCGNOBCBPMReBMR,1
HBOHNBLHBPQHBGDMHBGDLBGDMaOBGDMBEBMBCCPQBCGNOBCBPMReBCBMR,1
HBOHNBLHBPQHBGDMHBMaOBGDMBEBMBCCPQBCGNOBCBPMReBCBMR,1
,0
,0
,0
,0
,0
,0
HBOHNBLHBPQHBGDMaOHBGDMBEBMBCCPBCGNOBCBPMBCGBMeBMR,0
HBOHNBLHBPQHBGDMaOHBGDMBEBMBCCPBCGNOBCBPMBCGBMeBMR,1
HBOHNBLHBPQHBMHBGDMaOBGDMBEBMBCCPQBCGNOBCBPMReBCBMR,1
HBOHNBLHBPQHBGDMaOHBGDMBEBMBCCPBCGNOBCBPMBCGBMeBMR,1
HBOHNBLHBPQHBMHBGDMaOBGDMBEBMBCCPQBCGNOBCBPMReBMR,1
HBOHNBLHBPQHBMHBGDMaOBGDMBEBMBCCPQBCGNOBCBPMReBCBMR,1
HBOHNBLHBPQHBMHBGDMaOBGDMBEBMBCCPQBGBCNOBCBPMReBCBMR,1
HBOHNBLHBPQHBLBGDMHBMaOBGDMBEBMBCCPQBGBCNOBCBPMRBGBCBMeBR,0
HBOHNBLHBPQHBLBGDMHBMaOBGDMBEBMBCCPQBGBCNOBCBPMRBGBCBMeBMR,1
HBOHNBLHBPQHBMHBMaOHBGDMBEBMBCCPQBGBOBPCBMBGBCBMReBMR,0
HBOHNBLHBPQHBGDMaOBGDMBEBMBCCPQBGBCNOBCBPMReBCBMR,0
HBOHNBLHBPQHNBMHNBMaOHBGDMBEBMBCCPQBGBOBPCBMBGBCBMReBMR,0
HBOHNBLHBPQHBGDLBMaOBGDMBEBMBCCPQBGBCNOBCBPMReBCBMR,1
HBOHNBLHBPQHNBMHNBMaOHBGDMBEBMBCCPQBGBOBPCBMBGBCBMReBMR,0
HBOHNBLHBPQHBLBGDMHBMaOBGDMBEBMBCCPQBGBCNOBCBPMRBGBCBMeBMR,1
HBOHNBLHBPQHBMHNBMaOHBGDMBEBMBCCPQBGBOBPCBMBGBCBMReBMR,0
HBOHBSTLHBPQHBGDLBMaOBGDMBEGBCDMBCCPQBGBCBSBTMRBODLOBCBPPMR,1
HBOHBLHBPQHBGDLBMaOBGDMBEGBCDMBCCPQBGBCBSBTMRBODLOBCBPPMR,0
,0
HBOHNBLHBPQHBGDLBMaOBGDMBEGBCDMBCCPQBGBCBSBTMRBODLOBCBPPMR,1
HBOHNBLHBPQHBGDLBMaOBGDMBEBMBCCPQBGBCNOBCBPMReBCBMR,0
,0
HBOHNBLHBPQHBGDLBMaOBGDMBEBMBCCPQBGBCONOBCBPPMReBCBMR,0
,0
HBOHNBLHBPQHBGDLBMaOBGDMBEBMBCCPQBGBCNOBCBPMReBCBMR,0
HBOHNBLHBPQHBGDLBMaOBGDMBEGBCDMBCCPQBGBCNOBCBPMReBR,0
HBOHNBLHBPQHBGDLBMaOBGDMBEGBCDMBCCPQBGBCNOBCBPMReBMR,0
HBOHNBLHBPQHBGDLBMaOBGDMBEGBCDMBCCPQBGBCNOBCBPMReBMR,0
HBOHNBLHBPQHBMHBGNBMaOHBGDMBEBMBCCPQBGBOBPCBMBGBCBMReBMR,0
,0
HBOHNBLHBPQHBGDMHBMaOBGDMBEGBCDMBCCPQBGBCNOBCBPMReBMR,1
,0
HBOHNBLHBPQHBGDMaOHBGDMBEBMBCCPQBGBCNOBCBPMReBMR,1
HBOHNBLHBPQHBGDMaOHBGDMBEBMBCCPQBGBCNOBCBPMRBGOBPCBMeBMR,1
HBOHNBLHBPQHBGDMHBMaOBGDMBEBMBCCPQBGBCNOBCBPMReBCBMR,1
HBOHNBLHBPQHBGDMaOHBGDMBEBMBCCPQBGBCNOBCBPMReBMRHBOHNBLHBPQHBGNBMaOHBGDMBEBMBCCPQcOBENOBCBPPQBGNOBCBPMRReOBCBPMR,0
HBOHNBLHBPQHBGDMaOHBGDMBEBMBCCPQBGBCNOBCBPMReOBCBPMR,1
HBOHNBLHBPQHBLBMHBGBCDMaOBGDMBEBMBCCPQBGBCBMRBGBCNBMeBMR,1
HBOHNBLHBPQHBGDMHBMaOBGDEBMBCCPQBGBCNOBCBPMReBMR,0
HBOHNBLHBPQHBMHBGDLBMaOBGDMBEBMBCCPQBCGNOBCBPMRBGBCBBODLBPMR,0
HBOHNBLHBPQHBLBGDMHBMaOBGDMBEBMBCCPQBGBCNOBCBPMRBGBCBMeBMR,1
HBOHNBLHBPQHBGDMHBMaOBGDEBMBCCPQBGBCNOBCBPMReBMR,0
HBOHNBLHBPQHBGDMHBMaOBGDEBMBCCPQBGBCNOBCBPMReBMR,0
BBOHNBLHBPQHBLBMHBGBCDMaOBGDMBEBMBCCPQBGBCNBMRBGBCNBMeBMR,0
HBOHNBLHBPQHBSDTGQDLDLDLDLDLDLDLDLDLDRMHBMHBGDMHBMHBMBGDMaOBGDMBEBMBCCPQBCGBSBTMRBGOHPBCOHPBMBODLBPMeDMR,1
HBOHNBLHBPQHBLBMHBGBCDMaOBGDMBEBMBCCPQBGBCNBMRBGBCNBMeBMR,1
HBOHNBLHBPQHBGNBMaOHBGDMBEBMBCCPQBGBCNOBCBPMReBCBMR,1
HBOHNBLHBPQHBMHBGDLBMaOBGDMBEBMBCCPQBCGNOBCBPMReBCBMR,1
HBOHNBLHBPQHBGDMHBMaOBGDMEBMBCCPQBGBCNOBCBPMReBMR,0
HBOHNBLHBPQHBGDMHBMaOBGDMBEBMBCCPQBGBCNOBCBPMReBMR,1
HBOHNBLHBPMHBOHNBLHBPQHBGNBMaOBGDLBEBMBCCPQBGBCNOBCBPMRBGBCBMeBMR,0
HBOHNBLHBPMHBOHNBLHBPQHBGNBMaOBGDLBEBMBCCPQBGBCNOBCBPMRBGBCBMeBMR,0
HBOHNBLHBPQHBGDMHBMaOBGDMBEBMBCCPQBODLNOBCBPPUBGBCNOBCBPMReBMR,0
HBOHNBLHBPMHBOHNBLHBPQHBMHBGNBMaOBGDLBEBMBCCPQBGBCNOBCBPMRBGBCBMeBMR,0
HBOHNBLHBPQHBGDMaOHBGDMBEBMBCCPQBGBCNOBCBPMReBCBMR,1
HBOHNBLHBPQHBGDMHBMaOBGDMBEBMBCCPQBGBCNOBCBPMReBMR,1
HBOHNBLHBPMHBOHNBLHBPQHBMHBGNBMaOBGDLBEBMBCCPMQBGBCNOBCBPMRBGBCBMeBMR,0
HBOHNBLHBPMHBOHNBLHBPQHBMHBGNBMaOBGDMBEBMBCCPQBGBCNOBCBPMRBGBCBMeBMR,1
HBOHNBLHBPQHBSDTGQDLDLDLDLDLDLDLDLDLDRMHBMHBGDMHBMHBMBGDMaOBGDMBEBMBCCPQBCGBSBTMRBGOBCBPMBODLBPMeDMR,1
HBOHNBLHBPMHBOHNBLHBPQHBMHBGNBMaOBGDMBEBMBCCPQBGBCNOBCBPMRBGBCBMeBMR,1
HBOHNBLHBPQHBGDMHBMaOBGDMBEBMBCCPQBGBCNOBCBPMRBGBCBMeBMR,1
HBOHNBLHBPQHBMHBGDMaOBGDMBEBMBCCPQBCGNOBCBPMRBODLBCBPMR,1
HBOHNBLHBPQHBMHBGDMaOBGDMBEBMBCCPQBCGNOBCBPMReBCBMR,1
,0
,0
HBOHNBLHBPQHBGDMaOHBGDMBEBMBCCPQBCGNOBCBPMRBCGBMeBR,0
HBOHNBLHBPQHBGDMaOHBGDMBEBMBCCPQBCGNOBCBPMRBCGBMeBMR,1
HBOHNBLHBPMHBOHNBLHBPQHBGDMaOHBGDMBEBMBCCPQBCGNOBCBPMReBCBMR,1
HBOHNBLHBPQaOBGDMBEBMBCCPQBCGBSBTMRBGOBCBPMBODLBPMeDMR,0
HBOHNBLHBPQaOBGDMBEBMBCCPQBCGBSBTMRBGOBCBPMBODLBPMR,0
HBOHNBLHBPQaOBGDMBEBMBCCPQBCGBSBTMeBRBGOBCBPMBODLBPMR,0
HBOHNBLHBPQaOBGDMBEBMBCCPQBCGBSBTMeBRBGOBCBPMBODLBPMR,0
HBOHNBLHBPQaOBGDMBEBMBCCPQBCGBSBTMRBGOBCBPMeBR,0
HBOHNBLHBP,0
HBOHNBLHBPQaOBGDMBEBMBCCPQBCGBSBTMRBGOBCBPMeBR,0
HBOHNBLHBP,0
HBOHNBLHBPQaOBGDMBEBMBCCPQBCGBSBTMReBBGOBCBPMeBR,0
HBOHNBLHBPQaOBGDMBEBMBCCPQBCGBSBTMReBBGOBCBPMReB,0
HBOHNBLHBPQaOBGDMBEBMBCCPQBCGBSBTMReBBGOBCBPMR,0
HBOHNBLHBPQaOBGDMBEBMBCCPQBCGBSBTMReBBGOBCBPMR,0
HBOHNBLHBPQaOBGDMBEBMBCCPQBCGBSBTMReBBGOBCBPMR,0
HBOHNBLHBPQaOBGDMBEBMBCCPQBCGBSBTMReBBGOBCBPMR,0
HBOHNBLHBPQaOBGDMBEBMBCCPQBCGBSBTMReBBGOBCBPMR,0
HBOHNBLHBPQaOBGDMBEBMBCCPQBCGBSBTMReBBGOBCBPMR,0
HBOHNBLHBPQaOBGDMBEBMBCCPQBCGBSBTMRBGOBCBPMeDR,0
HBOHNBLHBPQaOBGDMBEBMBCCPQBCGBSBTMRBGOBCBPMeDR,0
HBOHNBLHBPQaOBGDMBEBMBCCPQBCGBSBTMRBGOBCBPMeDR,0
HBOHNBLHBPQaOBGDMBEBMBCCPQBCGBSBTMRBGOBCBPMeDR,0
HBOHNBLHBPQaOBGDMBEBMBCCPQBCGBSBTMRBGOBCBPMeBR,0
HBOHNBLHBPQaOBGDMBEBMBCCPQBCGBSBTMRBGOBCBPMeBR,0
HBOHNBLHBPQaOBGDMBEBMBCCPQBCGBSBTMRBGOBCBPMeBR,0
HBOHNBLHBPQaOBGDMBEBMBCCPQBCGBSBTMRBGOBCBPMeBR,0
HBOHNBLHBPQHBLBGDMHBMaOBGDMBEBMBCCPQBGBCNOBCBPMRBGBCBMeBMRHBOPQHBLBMHNBMBODPMBODLABPMBGOHNPBOBNfOHPPMaOBGDMBEBMBCCPQBODPMBODLBCBPMRaOBGDMBEBMBCCPQBODLBLNOBCBPPMRBODLBOBLBPPMBOBPMR,1
HBOHNBLHBPQHBLBGDMHBMaOBGDMBEBMBCCPQBGBCNOBCBPMRBGBCBMeBMR,1
HBOHNBLHBPQHBLBGDMHBMaOBGDMBEBMBCCPQBGBCNOBCBPMRBGBCBMeBMR,1
HBOHNBLHBPQHBGDMHBMaOBGDMBEBMBCCPQBCGNOBCBPMReBCBMR,1
HBOHNBLHBPMHBOHNBLHBPM,0
HBOHNBLHBPQHBLBGDMHBMaOBGDMBEBMBCCPQBGBCNOBCBPMRBGBCBMeBMR,1
HBOHNBLHBPMHBOHNBLHBPMHBOHNBLHBPMHBM,0
HBOHNBLHBPQHBLBGDMHBMaOBGDMBBMBCCPQBGBCNOBCBPMRBGBCBMeBMR,0
HBOHNBLHBPQHBLBGDMHBMaOBGDMBBMBCCPQBGBCNOBCBPMRBGBCBMeBMR,0
HBOHNBLHBPQaOHBGDMBEBMBCCPQBCGNOBPCBMRBGOBPCBMeBMR,0
HBOHNBLHBPQHBLBGDMHBMaOBGDMBEBMBCCPQBGBCNOBCBPMRBGBCBMeBMR,1
HBOHNBLHBPQHBLBGDMHBMaOBGDMBEBMBCCPMBGBCNOBCBPMRBGBCHOBPMeBMR,0
HBOHNBLHBPQHBLBGDMHBMaOBGDMBEBMBCCPMBGBCNOBCBPMRBGBCBMeBMR,0
HBOHNBLHBPMHBOHNBLHBPQHBMHBMBGDMaOHBGDMBEBMBCCPQBGBCNOBCBPMRBGBCBeBMR,0
HBOHNBLHBPMHBOHNBLHBPQHBMHBMBGDMaOHBGDMBEBMBCCPQBGBCNOBCBPMRBGBCBeBMR,0
HBOHNBLHBPQaOHBGDMBEBMBCCPQBCGNOBCBPMRBGOBPCBMeBMR,0
HBOHNBLHBPQaOHBGDMBEBMBCCPQBCGNOBCBPMRBGOBPCBMeBMR,0
HBOHNBLHBPMHBOHNBLHBPQHBMHBMBGDMaOHBGDMBEBMBCCPQBGBCNOBCBPMRBGBCBMeBMR,1
HBOHNBLHBPQHBMHBLBGDMaOBGDMBEBMBCCPQBGBCNOBCBPMRBGBCBMeBMR,1
HBOHNBLHBPHBGDMQaOHBGDMBEBMBCCPQBCGNOBCBPMRBGOBPCBMeBMR,0
HBOHNBLHBPQHBGDMaOHBGDMBEBMBCCPQBCGNOBCBPMRBGOBPCBMeBMR,0
HBOHNBLHBPQHBLBGDMHBMaOBGDMBEBMBCCPMBGBCNOBCBPMRBGBCBMeBMR,0
HBOHNBLHBPQHBGDMaOHBGDMBEBMBCCPQBCGNOBCBPMRBGOBPCBMeBMR,0
HBOHNBLHBPQHBMHBLBGDMaOBGDMBEBMBCCPMBGBCNOBCBPMRBGBCBMeBMR,0
HBOHNBLHBPQHBGDMHBGDMaOHBGDMBEBMBCCPQBCGNOBCBPMRBGOBPCBMeBMR,1
HBOHNBLHBPQHBMHBLBGDMaOBGDMBEBMBCCPQBGBCNOBCBPMRBGBCBMeBMR,1
HBOHNBLHBPQHBMHBLBGDMaOBGDMBEBMBCCPQBGBCNOBCBPMRBGBCBMeBMR,1
HBOHNBLHBPMHBOHNBLHBPQHBMHBMBGDMaOHBGDMBEBMBCCPQBGBCNOBCBPMRBGBCBMeBMR,1
HBOHNBLHBPMHBOHNBLHBPMHBOHNBLHBPMHBMHBGNBM,0
HBOHNBLHBPMHBOHNBLHBPMHBOHNBLHBPMHBMHBGNBMaOBGDMBEBMBCCPQ,0
HBOHNBLHBPMHBOHNBLHBPMHBOHNBLHBPMHBMHBGNBMaOBGDMBEBMBCCPQBGNOBCBPM,0
HBOHNBLHBPMHBOHNBLHBPMHBOHNBLHBPMHBMHBGNBMaOBGDMBEBMBCCPQBGNOBCBPMReBM,0
HBOHNBLHBPQHBGDMHBGDMaOHBGDMBEBMBCCPQBCGNOBCBPMRBGOBPCBMeBMR,1
HBOHNBLHBPQHBLBGDMHBMaOBGDMBEBMBCCPQBGBCNOBCBPRBGBCBMeBR,0
HBOHNBLHBPMHBOHNBLHBPMHBOHNBLHBPMHBMHBGNBMaOBGDMBEBMBCCPQBGNOBCBPMReBM,0
HBOHNBLHBPMHBOHNBLHBPMHBOHNBLHBPMHBMHBGNBMaOBGDMBEBMBCCPQBGNOBCBPMReBMR,0
HBOHNBLHBPMHBOHNBLHBPMHBOHNBLHBPMHBMHBGNBMaOBGDMBEBMBCCPQBGNOBCBPMReBMR,0
HBOHNBLHBPMHBOHNBLHBPMHBOHNBLHBPMHBMHBGNBMaOBGDMBEBMBCCPQBGNOBCBPMReBMR,0
HBOHNBLHBPQHBMHBMBGDMaOBGDMBEBMBCCPQBGNOBCBPCBMReBCBMR,1
HBOHNBLHBPQHBLBGDMaOBGDMBEBLBCCPQBCGNOBCBPReBCOBPR,0
HBOHNBLHBPQHBLBGDMaOBGDMBEBLBCCPQBCGNOBCBPMReBCOBPMR,0
HBOHNBLHBPQHBLBGDMaOBGDMBEBLBCCPQBCGNOBCBPMReBCOBPMR,0
HBOHNBLHBPQHBMHBGDMaOBGDMBEBLBCCPQBCGNOBCBPMReBCOBPMR,0
HBOHNBLHBPQHBMHBGDMaOBGDMBEBLBCCPQBCGNOBCBPMReBCOBPMR,0
HBOHNBLHBPQHBMHBGDMaOBGDMBEBLBCCPQBCGNOBCBPMReBCOBPMR,0
HBOHNBLHBPQHBMHBGDMaOBGDMBEBLBCCPQBCGNOBCBPMReBCOBPMR,0
HBOHNBLHBPQHBMHBGDMaOBGDMBEBLBCCPQBCGNOBCBPMReBCOBPMR,0
HBOHNBLHBPQHBMHBGDMaOBGDMBEBLBCCPBCGNOBCBPMeBCOBPMR,0
HBOHNBLHBPQHBMHBGDMaOBGDMBEBLBCCPQBCGNOBCBPMReBCOBPMR,0
HBOHNBLHBPQHBMHBGDMaOBGDMBEBLBCCPQBCGNOBCBPMReBCOBPMR,0
HBOHNBLHBPQHBMHBGDMaOBGDMBEBLBCCPQBGBCNOBCBPMReBCOBPMR,0
HBOHNBLHBPHBOHNBLHBPQHBLBLBMBODPMBODLABPMBODLABPMBODLABPMBODLOBCBCBPCDPMeDMR,0
HBOHNBLHBPQHBMHBGDMaOBGDMBEBMBCCPQBGBCNOBCBPMReBCOBPMR,1
HBOHNBLHBPMHBMHBGNBMaOBGDMBEBMBCCPQBGNOBCBPMReBMR,0
HBOHNBLHBPHBOHNBLHBPQHBSDTGQDLDLDLDLDLDLDRMHBGDLBMHBGDMaOBGDMBEDMBCCPQBGBCBSBTMRBGOHPBCBMBODLBPMeDMR,0
HBOHNBLHBPQHBGDMcOBAGDPQaOHBGDMBEBMBCCPQBCGNOBCBPMRBGBCBMReBMR,1
HBOHNBLHBPHBOHNBLHBPQHNBMHBSDTGQDLDLDLDLDLDLDRMHBGDLBMHBGDMaOBGDMBEBMBCCPQBGBCBSBTMRBGOHPBCBMBODLBPMeDMR,0
HBOHNBLHBPHBOHNBLHBPQHNBMHBSDTGQDLDLDLDLDLDLDRMHBGDLBMHBGDMaOBGDMBEBMBCCPQBGBCBSBTMRBGOHPBCBMBODLBPMeDMR,0
HBOHNBLHBPHBOHNBLHBPQHNBMHBSDTGQDLDLDLDLDLDLDRMHBGDLBMHBGDMaOBGDMBEBMBCCPQBGBCBSBTMRBGOHPBCBMBODLBPMeDMR,0
HBOHNBLHBPMHBMHBGNBMaOBGDMBEBMBCCPQBGNOBCBPMReBMR,0
HBOHNBLHBPQHBLBGDMHBMaOBGDMBEBMBCCPQBGBCNOBCBPRBGBCBMeBR,0
HBOHNBLHBPQHBLBGDMHBMaOBGDMBEBMBCCPQBGBCNOBCBPMRBGBCBMeBR,0
HBOHNBLHBPQHBGDMHBaOBMBEBMBCCPMQBGNOBCDPMReBCCCBMR,0
HBOHNBLHBPQHBLBGDMHBMaOBGDMBEBMBCCPQBGBCNOBCBPMRBGBCBMeBMR,1
HBOHNBLHBPQHBGDMHBaOBMBEBMBCCPMQBGBCNOBCDPMReBCCCBMR,0
HBOHNBLHBPQHBGDMHBMaOBMBEBMBCCPMQBGBCNOBCDPMReBCCCBMR,1
HBOHNBLHBPQHBGDMHBMaOBMBEBMBCCPMQBGBCNOBCDPMReBCBMR,1
HBOHNBLHBPQHBGDMHBMaOBMBEBMBCCPMQBGBCNOBCDPMReBCCCBMR,1
HBOHNBLHBPQHBGDMHBMaOBMBEBMBCCPMQBGBCNOBCDPMReBCCCBMR,1
HBOHNBLHBPQHBGDMHBMaOBMBEBMBCCPMQBGBCNOBCDPMReBCCCBMR,1
HBOHNBLHBPQHBGDMHBMaOBMBEBMBCCPMQBGBCNOBCDPMReBCCCBMR,1
HBOHNBLHBPQHBGDMHBMaOBMBEBMBCCPMQBGBCNOBCDPMReBCCCBMR,1
HBOHNBLHBPQHBGDMHBMaOBMBEBMBCCPMQBGBCNOBCDPMReBCCCBMR,1
HBOHNBLHBPQHBGDMHBMaOBMBEBMBCCPMQBGBCNOBCDPMReBCCCBMR,1
HBOHNBLHBPQHBGDMHBMaOBMBEBMBCCPMQBGBCNOBCDPMReBCCCBMR,1
HBOHNBLHBPQHBGDMHBMaOBMBEBMBCCPMQBGBCNOBCDPMReBCCCBMR,1
HBOHNBLHBPQHBGDMHBMaOBMBEBMBCCPMQBGBCNOBCDPMReBCCCBMR,1
HBOHNBLHBPQHBGDMHBMaOBMBEBMBCCPMQBGBCNOBCDPMReBCBMR,1
HBOHNBLHBPQHBGDMHBMaOBMBEBMBCCPMQBGBCNOBCDPMReBCBMR,1
HBOHNBLHBPQHBGDMHBMaOBMBEBMBCCPMQBGBCNOBCDPMReBCBMR,1
HBOHNBLHBPQHBGDMHBMaOBMBEBMBCCPMQBGBCNOBCDPMReBCBMR,1
HBOHNBLHBPQHBGDMHBMaOBMBEBMBCCPMQBGBCNOBCDPMReBCBMR,1
HBOHNBLHBPQHBGDMHBMaOBMBEBMBCCPMQBGBCNOBCDPMReBCBMR,1
HBOHNBLHBPQHBGDMHBMaOBMBEBMBCCPMQBGBCNOBCDPMReBCBMR,1
HBOHNBLHBPQHBGDMHBMaOBMBEBMBCCPMQBGBCNOBCBPMReBCBMR,1
HBOHNBLHBPHBOHNBLHBPQHNBMHBGDLBMHBGDMaOBGDMBEBMBCCPQBGBCBSBTMRBGOHPBCBMBODLBPMeDMR,0
HBOHNBLHBPHBOHNBLHBPQHNBMHBGDLBMHBGDMaOBGDMBEBMBCCPQBGBCBSBTMRBGOHPBCBMBODLBPMeDMR,0
HBOHNBLHBPQHBGDMHBMaOBMBEBMBCCPMQBGBCNOBCBPMReBCCCBMR,1
HBOHNBLHBPQHBGDMHBMaOBMBEBMBCCPMQBGBCNOBCBPMReBCCCBMR,1
HBOHNBLHBPQHBGDMHBMaOBMBEBMBCCPMQBGBCNOBCBPMReBCCCBMR,1
HBOHNBLHBPQHBGDMHBMaOBMBEBMBCCPMQBGBCNOBCBPMReBCCCBMR,1
HBOHNBLHBPQHBGDMHBMaOBMBEBMBCCPMQBGBCNOBCBPMReBCCCBMR,1
HBOHNBLHBPQHBGDMHBMaOBMBEBMBCCPMQBGBCNOBCBPMReBCCCBMR,1
HBOHNBLHBPQHBGDMHBMaOBMBEBMBCCPMQBGBCNOBCBPMReBCCCBMR,1
HBOHNBLHBPQHBGDMHBMaOBMBEBMBCCPMQBGBCNOBCBPMReBCCCBMR,1
HBOHNBLHBPQHBGDMHBMaOBMBEBMBCCPMQBGBCNOBCBPMRBGBCCCBMR,1
HBOHNBLHBPQHBGDMHBMaOBMBEBMBCCPMQBGBCNOBCBPMRBGBCCCBMeBLR,0
HBOHNBLHBPQHBGDMHBMaOBMBEBMBCCPMQBGBCNOBCBPMRBGBCCCBMeBMR,1
HBOHNBLHBPQHBGDMHBMaOBMBEBMBCCPMQBGBCNOBCBPMRBGBCCCBMeBMR,1
HBOHNBLHBPQHBGDMHBMaOBMBEBMBCCPMQBGBCNOBCBPMRBGBCCCBMeBMR,1
HBOHNBLHBPQHBGDMHBMaOBMBEBMBCCPMQBGBCNOBCBPMRBGBCCCBMeBMR,1
HBOHNBLHBPQHBR,0
HBOHNBLHBPQHBGDMHBMaOBMBEBMBCCPMQBGBCNOBCBPMRBGBCBMeBMR,1
HBOHNBLHBPQHBGDMHBMaOBMBEBMBCCPMQBGBCNOBCBPMRBGBCBMeBMR,1
HBOHNBLHBPQHBGDMHBMaOBMBEBMBCCPMQBGBCNOBCBPMRBGBCBMeBMR,1
HBOHNBLHBPQHBGDMHBMaOBMBEBMBCCPMQBGBCNOBCBPMRBGBCBMeBMR,1
HBOHNBLHBPQHBGDMHBGDMaOBMBEBMBCCPMQBGBCNOBCBPMRBGBCBMeBMR,1
HBOHNBLHBPQHBGDMHBGDMaOBMBEBMBCCPMQBGBCNOBCBPMRBGBCBMeBMR,1
HBOHNBLHBPQHBGDMHBGDMaOBMBEBMBCCPMQBGBCNOBCBPMRBGBCBMeBMR,1
HBOHNBLHBPQHBGDMHBGDMaOBMBEBMBCCPMQBGBCNOBCBPMRBGBCBMeBMR,1
HBOHNBLHBPQHBGDMHBGDMaOBMBEBMBCCPMQBGBCNOBCBPMRBGBCBMeBMR,1
HBOHNBLHBPQHBGDMHBLBGDMaOBMBEBMBCCPMQBGBCNOBCBPMRBGBCBMeBMR,1
HBOHNBLHBPQHBGDMHBLBGDMaOBMBEBMBCCPMQBGBCNOBCBPMRBGBCBMeBMR,1
HBOHNBLHBPQHBGDMHBLBGDMaOBMBEBMBCCPMQBGBCNOBCBPMRBGBCBMeBMR,1
HBOHNBLHBPQHBGDMHBLBGDMaOBMBEBMBCCPMBGBCNOBCBPMBGBCBMeBMR,1
HBOHNBLHBPQHBGDMHBLBGDMaOBMBEBMBCCPMBGBCNOBCBPMBGBCBMeBMR,1
HBOHNBLHBPQHBGDMHBLBGDMaOBMBEBMBCCPMBGBCNOBCBPMBGBCBMeBMR,1
HBOHNBLHBPQHBGDMHBLBGDMaOBMBEBMBCCPMBGBCNOBCBPMBGBCBMeBMR,1
HBOHNBLHBPQHBLBMHBMBGDMaOBGDMBEBMBCCPBGBCNOBCBPMBGBCBMeBMR,1
HBOHNBLHBPQHBLBMHBMBGDMaOBGDMBEBMBCCPBGBCNOBCBPMBGBCBMeBMR,1
HBOHNBLHBPQHBLBMHBMBGDMaOBGDMBEBMBCCPBGBCNOBCBPMBGBCBMeBMR,1
HBOHNBLHBPQHBLBMHBGDMBGDMaOBMBEBMBCCPQBGBCNOBCBPMRBGBCBMeBMR,1
HBOHNBLHBPQHBLBMHBGDMBGDMaOBMBEBMBCCPQBGBCNOBCBPMRBGBCBMeBMR,1
HBOHNBLHBPQHBLBMaOBGDMBGEBMBCCPQBGBCBSBTMRBGBCBeBR,0
HHBOHNBLHBPB,0
,0
HBOHNBLHBPQHBLBMaOBGDMBGEBMBCCPQBGBCBSBTMRBGBCBeBR,0
,0
,0
,0
,0
HBOHNBLHBP,0
,0
,0
,0
,0
,0
HBOHNBLHBPQHBLBMaOBGDMBGEBMBCCPQBGBCOBCBPMRBGBCBeBR,0
,0
HBOHNBLHBPQHBGDMHBGDMaOHBGDMBEBMBCCPQBCGNOBCBPMRBGOBPCBMeBMR,1
HBOHNBLHBPQHBGDMaOHBGDMBEBMBCCPQcOBAGDPQBGBCNOBCBPMRRBGBCBMeBMR,1
,0
,0
HBOHNBLHBPQHBLBMaOBGDMBGEBMBCCPQBGBCOBCBPMRBGBCBMeBMR,0
,0
,0
HBOHNBLHBPQHBLBMaOBGDMBEBMBCCPQBGBCOBCBPMRBGBCBMeBMR,0
HBOHNBLHBPQHBLBMaOHBGDMBEBMBCCPQBGBCOBCBPMRBGBCBMeBMR,0
HBOHNBLHBPQHBGDMaOHBGDMBEBMBCCPQcOBAGDPQBGBCNOBCBPMRRBGBCBMeBMR,1
HBOHNBLHBPQHBLBMaOHBGDMBEBMBCCPQBGBCOBCBPMRBGBCBMeBMR,0
HBOHNBLHBPQHBLBMaOHBGDMBEBMBCCPQBGBCNOBCBPMRBGBCBMeBMR,1
HBOHNBLHBPQHBGDMBGDaOBEBLBCCPQcOBPRR,0
,0
HBOHNBLHBPQHBLBMaOHBGDMBEBMBCCPQBGBCNOBCBPMRBGBCBMeBMR,1
HBOHNBLHBPQHBLBMaOHBGDMBEBMBCCPQBGBCNOBCBPMRBGBCBMeBMR,1
HBOHNBLHBPQHBLBMBGDaOHBGDMBEBMBCCPQBGBCNOBCBPMRBGBCBMeBMR,0
HBOHNBLHBPQHBLBMBGDMaOHBGDMBEBMBCCPQBGBCNOBCBPMRBGBCBMeBMR,1
HBOHNBLHBPMHBOPQHBMBODPMBODLABPM,0
HBOHNBLHBPQHBGDMBGDaOBEBLBCCPQcOBAGDPQBGBCNOBCBPMRRBGBCBMeBMR,0
HBOHNBLHBPQHBGDMHBGDaOBEBLBCCPQcOBAGDPQBGBCNOBCBPMRRBGBCBMeBMR,0
HBOHNBLHBPQHBGDMaOBEBLBCCPQHBGDcOBAGDPQBGBCNOBCBPMRRBGBCBMeBMR,0
HBOHNBLHBPQHBGDMaOHGDMBEBLBCCPQcOBAGDPQBGBCNOBCBPMRRBGBCBMeBMR,0
HBOHNBLHBPQHBGDMaOHGDMBEBLBCCPQcOBAGDPQBGBCNOBCBPMRRBGBCBMeBMR,0
HBOHNBLHBPQHBGDMaOHBGDMBEBMBCCPQcOBAGDPQBGBCNOBCBPMRRBGBCBMeBMR,1
HBOHNBLHBPQHBSDTMaOHPR,0
HBOHNBLHBPQHBSDTMaOHBGDMBEMBCCPMR,0
HBOHNBLHBPQHBLBMHBMBGDMaOBGDMBEBMBCCPQBGBCNOBCBPRBGBCBMeBMR,0
HBOHNBLHBPQHBLBMHBMBGDMaOBGDMBEBMBCCPQBGBCNOBCBPMRBGBCBMeBMR,1
HBOHNBLHBPQBGDMaOBGDMBEBMBCCPQBODLBCDPMBODLABSBTPMRBGDMaOBGDMBEBLBMBCCPQBGBCBMBGBCBMReDM,0
HBOHNBLHBPQHBLBMBGDMaOHBGDMBEBMBCCPQBGBCNOBCBPMRBGBCBMeBMR,1
HBOHNBLHBPQBGDMaOBGDMBEBMBCCPQBODLBCDPMBODLABSBTPMRBGDMaOBGDMBEBLBMBCCPQBGBCBMBGBCBMReBMR,0
HBOHNBLHBPQBGDMaOBGDMBEBMBCCPQBODLBCDPMBODLABSBTPMRBGDMaOBGDMBEBLBMBCCPQBGBCBMBGBCBMReBMR,0
HBOHNBLHBPHBOPQBGDMaOBGDMBEBMBCCPQBODLBCDPMBODLABSBTPMRBGDMaOBGDMBEBLBMBCCPQBGBCBMBGBCBMReBMR,0
HBOHNBLHBPHBOPQBGDMHBMBODPMBODLABPHNBGOHNPBOBNfOHPPMcOBGGDPQBODPMR^QBODLBPMaOHBGDMBEBMBCCPQBODLOBCBPPMRaOBGDMBEBMBCCPQBODLBCDPMBODLABSBTPMRBGDMaOBGDMBEBLBMBCCPQBGBCBMBGBCBMReBMR,0
HBOHNBLHBPHBOPQBGDMHBMBODPMBODLABPHNBGOHNPBOBNfOHPPMcOBGGDPQBODPMR^QBODLBPMaOHBGDMBEBMBCCPQBODLOBCBPPMRaOBGDMBEBMBCCPQBODLBCDPMBODLABSBTPMRBGDMaOBGDMBEBLBMBCCPQBGBCBMBGBCBMReBMR,0
HBOHNBLHBPHBOPQBGDMHBMBODPMBODLABPHNBGOHNPBOBNfOHPPMcOBGGDPQBODPMR^QBODLBPMaOHBGDMBEBMBCCPQBODLOBCBPPMRRBGDMaOBGDMBEBLBMBCCPQBGBCBMBGBCBMReBMR,0
HBOHNBLHBPHBOPQBGDMHBMBODPMBODLABPHNBGOHNPBOBNfOHPPMcOBGGDPQBODPMR^QBODLBPMaOHBGDMBEBMBCCPQBODLOBCBPPMRRBGDMaOBGDMBEBLBMBCCPQBGBCBMBGBCBMReBMR,0
HBOHNBLHBPQHBLBMBGDMaOHBGDMBEBMBCCPQBGBCNOBCBPMRBGBCBMeBMR,1
,0
,0
HBOHNBLHBPQHBMcOBAGDPQBGNBMRaOHBGDMBEBMBCCPQcONOBCBPEBPQBGNOBCBPMRReBMRHBOPQHBLBMBODPMBODLABPMHNBGOHNPBOBNfOHPPMcOBGGDPQBODPMR^QBODPMaOBGDMBEBMBCCPQBODLBCBPMRBODLBOBLBPPMRR,0
HBOHNBLHBPMHBOHNBLHBPQHBMHBGNBMaOBGDMBEBMBCCPQBGBCNOBCBPMRBGBCBMeBMR,1
HBOHNBLHBPMHBOHNBLHBPQHBMHBGNBMaOBGDMBEBMBCCPQBGBCNOBCBPMRBGBCBMeBMR,1
HBOHNBLHBPMHBOHNBLHBPQHBMHBGNBMaOBGDMBEBMBCCPQBGBCNOBCBPMRBGBCBMeBMR,1
HBOHNBLHBPMHBOHNBLHBPQHBMHBGNBMaOBGDMBEBMBCCPQBGBCNOBCBPMRBGBCBMeBMR,1
,0
HBOHNBLHBPQHBGDMaOHBGDMBEBMBCCPBCGNOBCBPMHBGBCBMeBMRHBGDMHNBGOHNPBOBNfOHPPMNOBCDPGDMNOBCDPGDMNOBCDPGDMNOBCDPGDMNOBCDPGDMHBGBOBLBPMBODLBPM,0
HBOHNBLHBPQHBGDMaOHBGDMBEBMBCCPBCGNOBCBPMHBGBCBMeBMRHBGDMHNBGOHNPBOBNfOHPPMNOBCDPGDMNOBCDPGDMNOBCDPGDMNOBCDPGDMNOBCDPGDMHBGBOBLBPMBODLBPM,0
HBOHNBLHBPQHBGDMaOHBGDMBEBMBCCPBCGNOBCBPMHBGBCBMeBMRHBGDMHNBGOHNPBOBNfOHPPMNOBCDPGDMNOBCDPGDMNOBCDPGDMNOBCDPGDMNOBCDPGDMHBGBOBLBPMBODLBPM,0
HBOHNBLHBPQcOBAGDAABEDPQHBGDMaOHBGDMBEBMCCBPQcONOBCDPEBPQBNGNOBCDPMRReBCBMRR,0
